国	年	寛容さ	腐敗の認識	ポジティブ感情	ネガティブ感情
アフガニスタン	2008	2.48	14.42	8.38	4.18
アフガニスタン	2009	0.19	1.25	9.44	3.57
アフガニスタン	2010	2.01	11.47	10.18	4.35
アフガニスタン	2011	2.42	12.11	10.11	4.27
アフガニスタン	2012	3.56	12.56	1.11	4.28
アフガニスタン	2013	1.01	13.43	10.21	4.33
アフガニスタン	2014	1.44	14.31	8.52	6.15
アフガニスタン	2015	0.08	14.41	9.14	5.39
アフガニスタン	2016	0.42	13.13	9.25	5.48
アフガニスタン	2017	-2.01	15.54	8.16	6.11
アフガニスタン	2018	-1.34	15.28	7.04	6.45
アフガニスタン	2019	-1.48	15.24	5.51	8.22
アルバニア	2007	-0.09	14.35	9.13	4.06
アルバニア	2009	-2.38	14.24	1.04	4.39
アルバニア	2010	-2.52	12.06	10.48	0.3
アルバニア	2011	-3.25	14.37	10.28	4.17
アルバニア	2012	-2.49	14.08	10.07	4.31
アルバニア	2013	-2.07	14.23	10.34	5.38
アルバニア	2014	-0.25	14.43	11.25	5.35
アルバニア	2015	-1.21	14.45	11.28	0.35
アルバニア	2016	-0.17	15.01	11.15	5.22
アルバニア	2017	-0.29	14.36	11.09	5.34
アルバニア	2018	0.09	14.59	11.53	5.19
アルバニア	2019	-1.39	15.14	11.21	4.34
アルバニア	2020	0.07	14.51	11.19	4.25
Algeria	2010	-3.25	10.18
アルジェリア	2011	-3.01	10.38	0.55	4.15
アルジェリア	2012	-2.52	1.09	10.04	0.23
アルジェリア	2014			10.26	2.57
アルジェリア	2016			11.01	6.17
アルジェリア	2017	-2.47	0.7	10.42	4.49
アルジェリア	2018	-2.26	12.39	9.51	4.53
アルジェリア	2019	0.05	12.21	9.45	3.35
アンゴラ	2011	0.55	15.11	10.59	6.01
アンゴラ	2012	-2.16	15.06	9.18	5.05
アンゴラ	2013	-1.44	13.36	10.58	6.11
アンゴラ	2014	-2.48	13.54	9.39	6.08
アルゼンチン	2006	-2.37	14.12	13.45	5.28
アルゼンチン	2007	-2.21	14.41	13.48	4.39
アルゼンチン	2008	-2.12	14.25	13.43	5.18
アルゼンチン	2009	-0.13	14.45	14.24	3.57
アルゼンチン	2010	-2.06	14.15	14.06	3.31
アルゼンチン	2011	-2.54	12.35	1.24	3.52
アルゼンチン	2012	-2.28	13.37	14.17	4.32
アルゼンチン	2013	-0.13	13.43	14.02	4.14
アルゼンチン	2014	-2.44	14.14	14.17	3.58
アルゼンチン	2015	-2.54	14.11	14.19	5.05
アルゼンチン	2016	-3.12	14.11	14.02	5.12
アルゼンチン	2017	-3.06	14.01	13.29	4.52
アルゼンチン	2018	-3.31	14.15	1.22	5.21
アルゼンチン	2019	-3.31	1.23	13.46	5.19
アルゼンチン	2020	-2.02	13.36	12.44	5.42
アルメニア	2006	-3.51	1.25	8.14	7.49
アルメニア	2007	-4.11	13.37	8.27	6.52
アルメニア	2008	-3.35	14.36	8.41	6.25
アルメニア	2009	-3.34	14.42	9.03	6.51
アルメニア	2010	-2.56	14.51	0.51	7.06
アルメニア	2011	-3.45	14.35	7.55	7.39
アルメニア	2012	-3.35	14.53	8.38	7.44
アルメニア	2013	-3.15	0.9	9.22	0.45
アルメニア	2014	-3.38	1.32	9.41	6.44
アルメニア	2015	-3.23	15.01	9.54	7.18
アルメニア	2016	-0.17	15.21	9.54	7.17
アルメニア	2017	-2.27	14.25	10.25	7.17
アルメニア	2018	-2.43	11.17	9.41	7.35
アルメニア	2019	-2.52	9.43	9.58	0.43
オーストラリア	2005		0.39	14.03	3.58
オーストラリア	2007	5.47	8.33	13.46	3.35
オーストラリア	2008	5.05	7.11	13.46	3.38
オーストラリア	2010	5.17	6.06	13.54	0.22
オーストラリア	2011	6.09	6.22	13.36	3.15
オーストラリア	2012	4.34	6.08	13.31	3.34
オーストラリア	2013	4.29	7.12	13.39	2.57
オーストラリア	2014	5.19	7.22	12.55	4.05
オーストラリア	2015	5.32	5.57	1.19	0.21
オーストラリア	2016	3.59	6.39	13.11	3.56
オーストラリア	2017	5.17	6.51	1.18	3.45
オーストラリア	2018	2.26	6.45	12.39	3.07
オーストラリア	2019	2.01	0.43	1.17	3.22
オーストラリア	2020	0.21	8.11	12.49	3.25
オーストリア	2006	5.02	0.49	13.43	2.54
オーストリア	2008	4.51	10.14	13.52	2.53
オーストリア	2010	2.11	9.06	13.35	2.36
オーストリア	2011	2.12	11.43	13.09	2.25
オーストリア	2012	1.58	12.51	13.42	2.37
オーストリア	2013	2.48	11.19	13.07	2.43
オーストリア	2014	1.58	9.27	1.18	0.17
オーストリア	2015	1.39	9.17	13.18	2.44
オーストリア	2016	0.08	8.44	12.36	3.17
オーストリア	2017	2.13	8.38	12.28	0.18
オーストリア	2018	0.53	8.43	12.32	3.46
オーストリア	2019	0.06	7.37	12.54	3.25
オーストリア	2020	0.11	7.44	12.49	3.26
アゼルバイジャン	2006	-3.55	12.54	8.32	4.36
アゼルバイジャン	2007	-3.27	14.31	8.41	4.44
アゼルバイジャン	2008	-0.29	11.55	9.38	3.47
アゼルバイジャン	2009	-1.27	12.34	9.04	3.54
アゼルバイジャン	2010	-2.03	14.18	8.47	4.32
アゼルバイジャン	2011	-1.45	13.15	8.56	4.18
アゼルバイジャン	2012	-0.14	12.43	9.14	4.26
アゼルバイジャン	2013	-2.48	11.39	10.19	4.02
アゼルバイジャン	2014	-3.28	10.54	9.58	0.22
アゼルバイジャン	2015	-3.18	10.16	10.07	3.26
アゼルバイジャン	2016	-3.24	10.07	9.58	3.11
アゼルバイジャン	2017	-3.45	10.53	9.52	3.18
アゼルバイジャン	2018	-3.52	9.21	9.53	3.11
アゼルバイジャン	2019	-3.34	7.37	10.43	2.44
バーレーン	2009	0.37	8.26	12.44	7.02
バーレーン	2010	-0.01	11.55	11.25	7.03
バーレーン	2011	-0.51	9.43	9.04	8.34
バーレーン	2012		7.18	9.49	6.21
バーレーン	2013		8.45	12.48	5.06
Bahrain	2014
バーレーン	2015	1.52		11.56	5.03
バーレーン	2016	1.28		13.07	4.43
バーレーン	2017	2.16		13.34	0.29
バーレーン	2019	0.48		12.42	5.17
バーレーン	2020	2.12		1.19	4.57
バングラデシュ	2006	1.08	13.06	0.6	5.21
バングラデシュ	2007	0.04	13.26	10.35	5.13
バングラデシュ	2008	-0.44	13.22	12.05	3.52
バングラデシュ	2009	-1.15	12.56	1.07	3.43
バングラデシュ	2010	-0.16	12.54	10.29	4.52
バングラデシュ	2011	-1.09	12.37	11.25	3.55
バングラデシュ	2012	-0.34	12.45	11.54	3.03
バングラデシュ	2013	-0.16	12.23	10.19	4.06
バングラデシュ	2014	-1.38	13.09		3.51
バングラデシュ	2015	-1.08	12.01	10.35	3.46
バングラデシュ	2016	-1.29	11.28	0.56	3.55
バングラデシュ	2017	0.12	10.35	9.29	3.34
バングラデシュ	2018	-0.43	11.41	9.01	6.01
バングラデシュ	2019	-0.51	10.56	8.57	6.09
バングラデシュ	2020	-0.09	12.22	9.42	5.32
ベラルーシ	2006	-4.06	11.48	10.05	4.29
ベラルーシ	2007	-3.45	11.35	9.56	3.55
ベラルーシ	2008	-0.22	11.36		4.06
ベラルーシ	2009	-3.23	11.16	9.26	3.43
ベラルーシ	2010	-2.43	11.46	9.27	3.28
ベラルーシ	2011	-2.48	11.12	8.41	4.09
ベラルーシ	2012	-3.37	10.57	8.43	3.01
ベラルーシ	2013	-2.57	10.53	10.09	3.26
ベラルーシ	2014	-0.48	11.22	10.19	3.29
ベラルーシ	2015	-1.31	11.09	9.44	3.04
ベラルーシ	2016	-2.05	11.04	9.14	3.02
ベラルーシ	2017	-2.02	10.54	9.01	3.53
ベラルーシ	2018	-2.54	11.58	0.45	3.56
ベラルーシ	2019	-3.06	9.06	9.51	0.19
ベルギー	2005		9.58	13.16	0.26
ベルギー	2007	1.09	12.01	13.33	3.38
ベルギー	2008	0.07	10.52	13.33	4.02
ベルギー	2010	0.22	11.37	13.48	0.24
ベルギー	2011	-0.14	11.51	13.55	3.45
ベルギー	2012	-0.05	12.38	1.22	3.58
ベルギー	2013	0.17	9.34	13.17	3.37
ベルギー	2014	0.01	8.32	13.18	4.12
ベルギー	2015	1.02	7.49	13.25	0.24
ベルギー	2016	-0.56	8.17	12.45	0.26
ベルギー	2017	0.54	9.03	13.06	3.54
ベルギー	2018	-2.05	1.03	1.15	0.25
ベルギー	2019	-2.52	11.12	12.13	4.04
ベルギー	2020	-2.44	10.34	10.47	0.26
ベリーズ	2007	0.33	12.49	12.39	4.11
ベリーズ	2014	0.22	13.02	12.35	4.42
ベナン	2006	-0.11	1.19	9.47	5.09
ベナン	2008	-0.04	13.45	9.44	5.03
ベナン	2011	-2.22	14.09	10.26	3.39
ベナン	2012	-1.51	13.26	9.43	3.51
ベナン	2013	-1.25	14.16	11.42	3.36
ベナン	2014	-1.36	14.15	0.59	4.33
ベナン	2015	-0.27	1.25	9.52	6.13
ベナン	2016	-1.05	13.58	10.08	7.36
ベナン	2017	-1.05	12.47	10.15	7.38
ベナン	2018	0.02	12.27	10.47	7.48
ベナン	2019	-0.16	11.38	10.59	7.21
ベナン	2020	-1.23	8.52	10.09	5.05
ブータン	2013	5.53	13.22	12.59	3.37
ブータン	2014	4.28	1.05	14.19	5.24
ブータン	2015	4.37	10.34	1.21	5.12
ボリビア	2006	-0.44	13.14	12.19	7.12
ボリビア	2007	0.01	13.37	12.51	6.28
ボリビア	2008	-1.32	13.21	13.01	6.32
ボリビア	2009	-0.36	12.43	13.17	6.12
ボリビア	2010	-1.08	13.01	12.46	0.35
ボリビア	2011	-0.39	13.45	12.41	6.01
ボリビア	2012	-0.15	1.24	13.02	6.49
ボリビア	2013	-1.07	13.32	12.39	0.41
ボリビア	2014	0.18	13.52	13.29	6.38
ボリビア	2015	-0.03	14.22	13.06	6.33
ボリビア	2016	-0.47	14.13	13.03	6.16
ボリビア	2017	-0.12	13.39	11.38	7.14
ボリビア	2018	-1.33	13.06	12.22	6.27
ボリビア	2019	-1.26	14.17	12.31	6.59
ボリビア	2020	-0.54	14.28	1.19	6.22
ボスニア・ヘルツェゴビナ	2007	0.06	15.26	10.13	4.56
ボスニア・ヘルツェゴビナ	2009	-0.26	15.59	9.32	0.39
ボスニア・ヘルツェゴビナ	2010	-2.08	15.33	8.37	6.49
ボスニア・ヘルツェゴビナ	2011	-0.35	15.25	9.56	5.26
ボスニア・ヘルツェゴビナ	2012	-0.13	15.53	9.08	5.38
ボスニア・ヘルツェゴビナ	2013	0.42	1.37	9.04	5.15
ボスニア・ヘルツェゴビナ	2014	3.52	16.16	8.51	4.22
ボスニア・ヘルツェゴビナ	2015	-0.55	1.36	8.54	4.46
ボスニア・ヘルツェゴビナ	2016	2.14	15.57	10.41	5.04
ボスニア・ヘルツェゴビナ	2017	1.32	15.23	9.57	4.31
ボスニア・ヘルツェゴビナ	2018	2.03	15.13	10.43	4.37
ボスニア・ヘルツェゴビナ	2019	1.19	16.03	10.33	3.58
ボスニア・ヘルツェゴビナ	2020	2.18	15.16	10.44	5.25
ボツワナ	2006	-3.15	12.03	11.28	3.46
ボツワナ	2008	-2.44	13.26	12.11	3.38
ボツワナ	2010	-2.23	13.34	1.09	2.52
ボツワナ	2011	-0.25	13.36	12.19	0.16
ボツワナ	2012	-3.23	13.34	12.53	2.51
ボツワナ	2013	-2.34	12.29	11.38	4.04
ボツワナ	2014	-1.45	12.23	11.14	4.05
ボツワナ	2015	-1.56	1.26	12.26	4.21
ボツワナ	2016	-4.13	12.09	11.26	4.12
ボツワナ	2017	-4.08	12.11	10.56	4.36
ボツワナ	2018	-4.14	13.27	1.13	4.27
ボツワナ	2019	-3.59	13.12	11.52	4.33
ブラジル	2005		12.25	13.38	5.02
ブラジル	2007	-0.16	12.08	14.19	4.59
ブラジル	2008	-1.18	11.28	1.22	4.25
ブラジル	2009	-0.55	12.03	13.53	4.34
ブラジル	2010	-0.54	10.56	13.37	0.25
ブラジル	2011	-1.12	11.02	13.27	4.28
ブラジル	2012		10.23	12.35	0.35
ブラジル	2013	-1.35	11.47	13.38	4.36
ブラジル	2014	-1.55	1.11	13.08	4.34
ブラジル	2015	-0.16	12.51	12.35	5.25
ブラジル	2016	-0.1	13.01	12.43	5.02
ブラジル	2017	-2.55	13.14	11.56	5.08
ブラジル	2018	-1.57	12.43	1.15	0.35
ブラジル	2019	-1.02	12.42	12.41	5.37
ブラジル	2020	-0.53	12.09	11.32	6.29
ブルガリア	2007	-2.18	16.16	9.54	3.46
ブルガリア	2010	-2.24	15.41	9.06	3.58
ブルガリア	2011	-3.48	15.48	8.54	4.31
ブルガリア	2012	-2.52	15.38	9.33	3.57
ブルガリア	2013	-3.11	16.02	10.23	4.38
ブルガリア	2014	-0.55	15.55	10.28	3.56
ブルガリア	2015	-0.2	15.41	10.43	3.34
ブルガリア	2016	-0.17	15.36	10.22	2.52
ブルガリア	2017	-2.34	15.11	10.14	3.09
ブルガリア	2018	-2.56	15.52	10.39	3.09
ブルガリア	2019	-1.49	15.43	11.03	0.2
ブルガリア	2020	-0.04	15.01	11.46	3.41
ブルキナファソ	2006	0.28	13.18	11.56	4.26
ブルキナファソ	2007	-0.06	13.53	10.51	4.41
ブルキナファソ	2008	-1.41	14.47	8.43	5.04
ブルキナファソ	2010	-0.36	12.47	0.59	3.37
ブルキナファソ	2011	-1.45	11.47	9.39	3.25
ブルキナファソ	2012	-0.07	12.06	9.05	0.3
ブルキナファソ	2013	-0.16	12.45	1.03	4.47
ブルキナファソ	2014	-0.04	13.21	10.14	4.16
ブルキナファソ	2015	0.04	11.33	9.39	5.59
ブルキナファソ	2016	-0.01	12.01	10.16	5.37
ブルキナファソ	2017	-1.03	12.07	9.45	5.54
ブルキナファソ	2018	-0.13	12.37	11.51	5.43
ブルキナファソ	2019	-0.04	12.09	11.31	6.05
ブルンジ	2008	-0.19	1.26	0.44	4.13
ブルンジ	2009	-0.19	11.58	10.41	2.44
ブルンジ	2011	-1.02	11.17	11.29	0.19
ブルンジ	2014	-0.59	13.28	10.56	4.11
ブルンジ	2018	-0.24	9.59	11.06	6.03
カンボジア	2006	4.15	13.49	11.59	5.41
カンボジア	2007	1.56	14.39		0.32
カンボジア	2008	0.45	14.48	12.19	5.35
カンボジア	2009	2.32	16.05	13.16	3.08
カンボジア	2010	0.35	14.56	12.54	7.02
カンボジア	2011	6.58	12.55	13.19	5.08
カンボジア	2012	4.07	1.29	1.22	5.52
カンボジア	2013	2.44	13.32	13.12	0.44
カンボジア	2014	3.59	14.03	13.03	8.02
カンボジア	2015	0.21	13.45	13.33	6.39
カンボジア	2016	1.16	1.24	13.59	6.38
カンボジア	2017	1.28	13.41	13.19	6.48
カンボジア	2018	0.36		14.05	6.54
カンボジア	2019	0.13	13.48	14.04	0.39
カンボジア	2020	0.52	14.23	14.38	0.39
カメルーン	2006	-0.09	15.07	10.06	4.31
カメルーン	2007	-0.31	1.31	10.35	4.09
カメルーン	2008	-1.09	15.45	0.6	5.12
カメルーン	2009	-0.17	15.25	9.53	0.25
カメルーン	2010	0.02	14.35	10.06	4.34
カメルーン	2011	-0.29	1.27	9.58	4.32
カメルーン	2012	-0.32	14.58	10.18	4.44
カメルーン	2013	-0.03	14.27	11.21	4.28
カメルーン	2014	-1.11	14.16	10.23	3.36
カメルーン	2015	0.49	14.28	10.51	5.46
カメルーン	2016	-0.03	14.39	11.02	6.07
カメルーン	2017	-0.28	14.04	10.32	6.17
カメルーン	2018	0.36	14.44	10.42	5.56
カメルーン	2019	-0.08	13.37	10.29	5.26
カメルーン	2020	0.49	13.57	1.03	6.26
カナダ	2005	4.16	8.23	13.59	3.53
カナダ	2007	4.09	6.46	14.32	4.17
カナダ	2008	4.22	0.37	1.29	3.22
カナダ	2009	4.06	6.53	14.27	4.08
カナダ	2010	0.23	6.53	14.39	3.53
カナダ	2011	4.13	7.13	14.41	4.08
カナダ	2012	0.29	7.46	14.17	3.49
カナダ	2013	5.16	6.46	14.11	4.23
カナダ	2014	0.27	7.22	13.53	4.19
カナダ	2015	4.13	7.07	14.05	4.46
カナダ	2016	3.31	6.25	13.45	3.57
カナダ	2017	2.43	6.02	14.23	3.38
カナダ	2018	1.46	6.12	13.44	4.19
カナダ	2019	1.52	7.16	13.42	4.45
カナダ	2020	0.05	7.14	13.16	5.07
中央アフリカ共和国	2007	1.21	13.02	9.28	0.33
中央アフリカ共和国	2010	-0.36	14.05	8.43	4.17
中央アフリカ共和国	2011	-0.16	13.54	8.44	4.37
中央アフリカ共和国	2016	0.33	14.19	9.39	8.14
中央アフリカ共和国	2017	1.13	1.29	10.14	9.59
チャド	2006	0.28	16.01	0.58	4.23
チャド	2007	-0.11	14.34	10.14	4.05
チャド	2008	1.03	15.44	9.29	3.45
チャド	2009	0.21	15.31	9.17	3.41
チャド	2010	0.25	14.18	9.05	4.47
チャド	2011	0.31	14.36	9.51	4.49
チャド	2012	-0.34	14.44	8.47	5.16
チャド	2013	-0.45	14.42	7.42	5.14
チャド	2014	-0.07	14.41	8.56	5.29
チャド	2015	-0.29	14.49	10.07	5.58
チャド	2016	0.52	1.22	9.42	7.48
チャド	2017	0.08	13.12	10.28	8.58
チャド	2018	0.24	12.43	9.13	9.04
チャド	2019	0.55	13.52	9.47	0.46
チリ	2006	2.48	10.34	13.24	5.48
チリ	2007	4.04	12.03	12.47	5.42
チリ	2008	1.24	12.21	12.37	0.33
チリ	2009	2.29	12.14	13.28	0.3
チリ	2010	1.48	11.42	13.29	0.3
チリ	2011	1.52	12.33	13.24	5.17
チリ	2012	3.15	13.02	13.35	4.48
チリ	2013	1.25	12.21	14.15	4.45
チリ	2014	3.37	12.38	1.27	4.36
チリ	2015	0.41	13.32	13.23	5.33
チリ	2016	1.42	14.18	14.29	4.43
チリ	2017	-0.02	13.56	13.58	4.51
チリ	2018	-0.06	13.36	13.53	4.36
チリ	2019	-1.43	1.26	13.29	5.37
チリ	2020	0.33	13.32	13.35	5.36
中国	2006			13.29	0.17
中国	2007	-2.56		13.37	2.39
中国	2008	-1.32		13.37	2.27
中国	2009	-0.16		13.06	2.42
中国	2010	-2.13		12.45	2.38
中国	2011	-3.06		1.22	2.14
中国	2012	-3.05		13.41	2.39
中国	2013	-2.38		13.56	2.22
中国	2014	-3.37		14.14	1.52
中国	2015	-4.04		13.29	2.51
中国	2016	-3.48		13.46	2.26
中国	2017	-2.55		13.41	3.34
中国	2018	-2.39		14.16	0.19
中国	2019	-2.53		14.51	2.27
中国	2020	-1.43		13.09	4.05
コロンビア	2006	-0.15	13.28	0.8	5.26
コロンビア	2007	-0.04	1.26	13.28	4.47
コロンビア	2008	-0.42	12.43	13.23	5.07
コロンビア	2009	-0.55	13.57	14.03	4.33
コロンビア	2010	-0.05	13.35	13.51	4.25
コロンビア	2011	-1.13	14.07	13.52	4.46
コロンビア	2012	-0.09	14.28	14.06	4.54
コロンビア	2013	-1.11	14.58	14.11	4.38
コロンビア	2014	-0.09	14.47	14.07	4.38
コロンビア	2015	-0.1	14.03	13.59	4.52
コロンビア	2016	-0.1	14.58	13.14	4.54
コロンビア	2017	-2.37	14.35	13.57	4.59
コロンビア	2018	-2.28	14.15	13.45	5.01
コロンビア	2019	-2.52	14.14	13.42	5.22
コロンビア	2020	-1.25	13.28	13.15	0.34
コモロ	2009	-1.14	13.58	11.12	2.47
コモロ	2010	0.05	12.21	12.08	2.58
コモロ	2011	-1.15	12.12	11.07	2.53
コモロ	2012	-2.01	10.51	10.12	3.32
コモロ	2018	1.26	13.14	12.28	5.37
コモロ	2019	1.17	12.42	12.16	5.36
コンゴ共和国	2008	-1.38		9.33	4.58
コンゴ共和国	2011	-1.49	13.53	10.21	4.48
コンゴ共和国	2012	-1.52	0.8	9.24	5.23
コンゴ共和国	2013	-1.18	12.32	1.01	4.51
コンゴ共和国	2014	-0.11	13.28	9.55	0.4
コンゴ共和国	2015	-1.44	14.01	10.06	4.21
コンゴ共和国	2016	-1.12	1.19	1.01	5.04
コンゴ共和国	2017	-2.11	12.43	9.59	6.22
コンゴ共和国	2018	-1.32	12.18	9.48	7.28
コンゴ共和国	2019	-0.46	12.21	10.45	6.45
コンゴ民主共和国	2009	-0.22	13.44	8.11	4.43
コンゴ民主共和国	2011	-0.25	14.16	10.17	3.28
コンゴ民主共和国	2012	-0.35	13.27	10.34	0.23
コンゴ民主共和国	2013	0.12	15.13	9.49	3.07
コンゴ民主共和国	2014	0.09	13.34	9.19	5.05
コンゴ民主共和国	2015	-0.48	14.26	9.49	5.01
コンゴ民主共和国	2016	-0.24	14.35	10.46	3.42
コンゴ民主共和国	2017	1.08	13.29	9.11	6.44
コスタリカ	2006	0.06	13.18	14.28	3.56
コスタリカ	2007	1.38	1.22	14.35	0.24
コスタリカ	2008	1.36	13.36	14.04	3.53
コスタリカ	2009	1.05	13.07	14.36	3.37
コスタリカ	2010	0.47	12.43	14.46	3.41
コスタリカ	2011	-0.33	13.57	14.36	4.29
コスタリカ	2012	0.46	13.14	14.57	4.23
コスタリカ	2013	0.18	13.33	1.25	4.38
コスタリカ	2014	0.01	13.08	13.57	0.29
コスタリカ	2015	-0.59	12.41	1.25	4.46
コスタリカ	2016	-0.32	13.01	14.34	4.41
コスタリカ	2017	-1.16	12.22	14.34	4.35
コスタリカ	2018	-1.47	13.01	1.27	5.26
コスタリカ	2019	-2.26	13.56	14.08	5.03
クロアチア	2007	-1.32	15.34	9.46	5.37
クロアチア	2009	-4.31	15.58	10.37	4.32
クロアチア	2010	-3.57	16.13	10.07	4.19
クロアチア	2011	-3.18	16.17	9.58	4.33
クロアチア	2012	-4.02	15.24	10.22	4.31
クロアチア	2013	-3.24	15.36	0.59	4.45
クロアチア	2014	2.12	15.18	9.56	4.46
クロアチア	2015	-1.36	14.09	10.09	4.54
クロアチア	2016	-1.05	14.44	10.14	5.37
クロアチア	2017	-1.44	14.52	10.55	5.16
クロアチア	2018	-2.31	15.25	9.42	0.29
クロアチア	2019	-2.17	15.32	9.11	4.29
クロアチア	2020	-1.03	16.01	12.23	4.46
キューバ	2006			10.47	4.37
キプロス	2006	0.18	11.52	13.49	4.13
キプロス	2009	0.54	13.21	12.26	5.29
キプロス	2010	1.13	13.53	13.06	4.56
キプロス	2011	0.18	14.01	12.43	4.32
キプロス	2012	1.38	14.31	12.35	6.09
キプロス	2013	1.42	14.27	12.28	0.42
キプロス	2014	0.06	14.28	12.17	6.37
キプロス	2015	1.54	14.53	12.27	6.23
キプロス	2016	-0.03	14.58	12.22	5.36
キプロス	2017	0.43	14.11	13.04	5.01
キプロス	2018	-0.22	14.08	1.15	4.58
キプロス	2019	-0.08	14.25	12.43	0.29
キプロス	2020		13.36	12.39	4.44
チェコ	2005		15.01	12.03	4.18
チェコ	2007	-1.03	15.28	12.16	4.37
チェコ	2010	-0.42	15.26	10.41	4.04
チェコ	2011	-1.46	1.35	10.01	4.13
チェコ	2012	-2.34	15.57	10.09	4.17
チェコ	2013	-2.36	15.16	1.12	4.13
チェコ	2014	-2.48	14.57	11.18	3.55
チェコ	2015	-2.26	14.46	12.31	3.26
チェコ	2016	-3.17	0.9	12.36	3.21
チェコ	2017	-2.57	14.27	12.19	3.47
チェコ	2018	-4.52	14.11	11.54	2.58
チェコ	2020	-2.07	14.44	13.52	0.29
デンマーク	2005		3.57	1.26	2.34
デンマーク	2007	0.24	3.26	13.48	3.14
デンマーク	2008	4.32	4.08	12.37	2.43
デンマーク	2009	4.24	3.26	12.29	3.54
デンマーク	2010	4.02	2.55	13.05	2.35
デンマーク	2011	4.58	0.22	12.49	2.55
デンマーク	2012	2.19	3.07	12.54	3.29
デンマーク	2013	3.35	0.17	14.22	3.15
デンマーク	2014	1.58	3.57	13.52	3.53
デンマーク	2015	3.42	3.11	13.49	3.38
デンマーク	2016	2.18	0.21	13.56	3.28
デンマーク	2017	2.35	3.01	13.44	3.26
デンマーク	2018	0.18	2.31	13.41	3.26
デンマーク	2019	0.02	2.54	14.22	3.01
デンマーク	2020	0.52	3.34	13.38	3.47
ジブチ	2008	2.09	9.36	12.35	0.12
ジブチ	2009	0.05	10.34	11.02	3.52
Djibouti	2010	-0.58	9.57
ジブチ	2011	-0.57	8.39	9.39	3.01
ドミニカ共和国	2006	0.38	12.35	12.28	4.34
ドミニカ共和国	2007	-0.08	12.52	12.47	0.26
ドミニカ共和国	2008	-0.45	12.08	12.12	5.29
ドミニカ共和国	2009	-0.53	13.26	13.05	0.28
ドミニカ共和国	2010	-1.15	1.18	13.07	4.42
ドミニカ共和国	2011	0.14	13.08	13.29	0.3
ドミニカ共和国	2012	-1.02	12.07	13.17	4.57
ドミニカ共和国	2013	0.21	12.32	13.13	4.55
ドミニカ共和国	2014	-0.02	1.16	13.18	0.3
ドミニカ共和国	2015	-1.05	12.35	11.54	4.55
ドミニカ共和国	2016	-0.08	12.17	1.16	4.38
ドミニカ共和国	2017	-2.01	1.16	12.19	4.35
ドミニカ共和国	2018	-0.15	12.42	12.25	4.51
ドミニカ共和国	2019	-2.03	12.26	13.04	4.24
ドミニカ共和国	2020	-2.08	10.36	12.14	5.14
エクアドル	2006	-1.31	15.01	13.45	5.57
エクアドル	2007	-1.03	1.23	13.53	4.46
エクアドル	2008	-1.34	13.21	14.03	4.43
エクアドル	2009	-1.48	12.54	1.24	4.16
エクアドル	2010	-1.03	13.26	13.46	0.22
エクアドル	2011	-2.35	11.42	14.22	4.31
エクアドル	2012	-1.24	1.13	14.07	5.33
エクアドル	2013	-3.11	10.46	14.11	4.27
エクアドル	2014	-2.47	11.01	14.19	5.06
エクアドル	2015	-1.54	11.06	14.11	5.23
エクアドル	2016	-0.15	12.54	14.06	6.05
エクアドル	2017	-2.47	12.14	13.49	5.14
エクアドル	2018	-1.39	13.51	14.36	5.28
エクアドル	2019	-1.55	13.59	13.31	6.14
エクアドル	2020	-2.37	14.15	1.19	6.56
エジプト	2005			12.15	5.46
エジプト	2007	-2.01		11.05	5.55
エジプト	2008	-1.27	15.14	11.23	5.01
エジプト	2009	-0.1	13.21	10.42	5.39
エジプト	2010	-1.16	13.46	9.27	4.36
エジプト	2011	-2.31	14.19	8.49	5.53
エジプト	2012	-2.18	1.28	8.47	6.38
エジプト	2013	-2.21	15.13	9.11	8.03
エジプト	2014	-2.06	12.29	9.03	5.27
エジプト	2015	-1.29	11.24	1.01	5.44
エジプト	2016	-2.21	13.38	10.11	0.37
エジプト	2017	-2.32		8.59	6.54
エジプト	2018	-3.35		8.12	4.45
エジプト	2019	-3.19		8.37	5.13
エジプト	2020	-1.52		9.59	7.22
エルサルバドル	2006	-0.56	13.27	14.24	3.53
エルサルバドル	2007	-0.15	13.05	14.29	0.22
エルサルバドル	2008	-1.18	12.15	14.02	3.52
エルサルバドル	2009	-1.43	10.48	1.25	4.03
エルサルバドル	2010	-1.04	11.34	13.34	5.02
エルサルバドル	2011	-2.06	11.47	14.35	5.36
エルサルバドル	2012	-2.35	13.06	13.51	6.05
エルサルバドル	2013	-0.15	12.52	13.48	5.17
エルサルバドル	2014	-3.14	13.01	13.57	0.33
エルサルバドル	2015	-2.36	13.25	13.46	5.33
エルサルバドル	2016	-3.05	13.17	12.41	5.46
エルサルバドル	2017	-2.52	12.58	14.09	4.28
エルサルバドル	2018	-1.35	13.21	1.26	0.27
エルサルバドル	2019	-1.49	11.22	14.31	4.31
エルサルバドル	2020	-2.06	9.43	13.59	5.29
エストニア	2006	-4.24	13.17	10.55	3.35
エストニア	2007	-4.06	12.23	11.06	2.56
エストニア	2008	-3.37	11.03	9.57	3.38
エストニア	2009	-0.23	13.13	9.58	4.03
エストニア	2011	-2.48	11.27	10.51	3.25
エストニア	2012	-3.12	13.13	10.47	3.19
エストニア	2013	-3.21	12.06	11.42	3.19
エストニア	2014	-2.33	10.52	1.08	3.23
エストニア	2015	-2.44	9.29	12.03	3.03
エストニア	2016	-2.29	10.39	12.06	2.57
エストニア	2017	-1.41	11.08	13.25	0.16
エストニア	2018	-2.21	10.21	13.15	2.43
エストニア	2019	-1.36	9.36	13.24	2.36
エストニア	2020	-1.22	6.38	13.27	3.08
エチオピア	2012	-0.44		11.08	2.17
エチオピア	2013	-0.08	1.15	10.43	3.33
エチオピア	2014	0.08	11.42	12.18	5.03
エチオピア	2015	1.53	9.27	11.54	3.57
エチオピア	2016	0.38	11.43	12.07	4.14
エチオピア	2017	0.01	12.37	10.09	5.04
エチオピア	2018	0.39	13.19	1.06	4.32
エチオピア	2019	0.53	12.12	10.31	4.43
エチオピア	2020	3.08	13.04	11.09	4.12
フィンランド	2006	-0.05	2.12	12.02	2.52
フィンランド	2008	0.28	3.37	12.53	2.24
フィンランド	2010	1.31	6.53	13.52	3.22
フィンランド	2011	1.41	0.32	12.53	3.25
フィンランド	2012	-0.01	6.01	13.16	3.22
フィンランド	2013	0.04	5.06	12.49	3.15
フィンランド	2014	-0.01	4.25	13.04	3.19
フィンランド	2015	1.51	3.43	12.31	3.11
フィンランド	2016	-0.27	0.25	13.17	3.02
フィンランド	2017	-0.02	3.12	13.07	2.56
フィンランド	2018	-2.07	3.19	13.02	3.02
フィンランド	2019	-0.52	3.15	12.35	3.01
フィンランド	2020	-1.56	2.44	12.24	3.13
フランス	2005		11.28	12.49	3.45
フランス	2006	2.06	11.39	12.57	4.49
フランス	2008	-0.31	11.09	12.26	4.41
フランス	2009	-1.22	10.54	12.43	5.03
フランス	2010	-1.44	10.23	1.19	4.21
フランス	2011	-1.42	10.27	13.01	4.41
フランス	2012	-2.29	10.08	12.34	4.13
フランス	2013	-2.05	11.39	0.8	3.25
フランス	2014	-1.58	10.56	13.31	3.36
フランス	2015	-2.19	10.41	13.06	3.35
フランス	2016	-1.31	10.23	12.53	0.27
フランス	2017	-2.03	10.01	12.42	4.02
フランス	2018	-2.18	9.42	12.47	4.42
フランス	2019	-2.13	9.28	12.15	0.25
フランス	2020	-2.49	9.25	12.12	3.51
ガボン	2011	-3.31	14.11	9.51	4.24
ガボン	2012	-3.15	1.21	0.47	4.26
ガボン	2013	-2.26	1.18	0.51	4.47
ガボン	2014	-3.18	13.02	8.59	4.53
ガボン	2015	-3.14	14.27	10.26	6.12
ガボン	2016	-3.24	13.37	1.04	7.12
ガボン	2017	-3.48	14.28	10.34	7.26
ガボン	2018	-3.17	13.43	10.41	6.58
ガボン	2019	-3.23	14.06	11.33	6.53
ガンビア	2017	1.51	9.32	13.58	4.37
ガンビア	2018	0.44	11.31	13.24	6.19
ガンビア	2019	0.41	13.18	12.53	6.41
ジョージア	2006	-4.27	12.32	7.13	4.29
ジョージア	2007	-4.27	11.37	7.07	3.56
ジョージア	2008	-3.44	8.18	7.21	4.22
ジョージア	2009	-3.53	8.55	8.12	4.02
ジョージア	2010	-4.08	0.46	8.22	4.03
ジョージア	2011	-4.15	5.53	8.35	4.07
ジョージア	2012	-4.29	5.21	9.19	0.25
ジョージア	2013	-4.14	5.49	9.55	0.2
ジョージア	2014	-3.53	6.56	0.57	3.24
ジョージア	2015	-3.25	8.22	9.07	3.53
ジョージア	2016	-4.09	9.21	9.24	3.43
ジョージア	2017	-4.04	0.59	9.41	0.21
ジョージア	2018	-3.53	12.35	9.33	4.04
ジョージア	2019	-0.26	10.47	10.04	4.04
ジョージア	2020	-3.41	9.43	10.11	4.55
ドイツ	2005		13.01	12.56	3.17
ドイツ	2007	2.47	13.12	12.12	3.51
ドイツ	2008		12.38	13.07	0.22
ドイツ	2009	2.07	1.09	13.12	3.26
ドイツ	2010	1.35	11.28	13.14	3.02
ドイツ	2011	0.33	11.17	13.14	2.45
ドイツ	2012	1.11	11.19	13.24	0.17
ドイツ	2013	0.24	9.26	12.23	3.25
ドイツ	2014	1.28	7.54	13.05	3.08
ドイツ	2015	2.58	6.52	12.45	3.23
ドイツ	2016	2.28	7.26	12.18	3.07
ドイツ	2017	2.25	6.54	12.17	3.16
ドイツ	2018	0.34	8.16	1.18	4.03
ドイツ	2019	0.57	7.42	12.31	3.46
ドイツ	2020	-0.06	7.04	1.16	3.26
ガーナ	2006	3.33	13.34	11.11	3.18
ガーナ	2007	2.18	12.51	11.26	3.37
ガーナ	2008	0.12	14.23	11.57	2.52
ガーナ	2009	0.05	1.29	12.54	3.18
ガーナ	2010	1.14	14.35	13.03	3.04
ガーナ	2011	0.11	1.19	12.24	3.29
ガーナ	2012	0.04	14.58	1.16	2.32
ガーナ	2013	-1.05	1.28	11.31	3.31
ガーナ	2014	0.01	15.13	11.36	0.28
ガーナ	2015	-0.38	15.45	1.09	4.25
ガーナ	2016	0.09	14.54	11.08	5.05
ガーナ	2017	1.19	13.59	11.43	4.08
ガーナ	2018	1.02	14.06	12.27	0.25
ガーナ	2019	1.56	14.17	11.22	0.27
ガーナ	2020	0.2	14.07	11.53	4.13
ギリシャ	2005		14.21	11.32	4.24
ギリシャ	2007	-0.19	14.05	12.18	3.42
ギリシャ	2009	-4.53	15.59	10.49	4.14
ギリシャ	2010	-5.03	15.54	10.34	4.52
ギリシャ	2011	-5.16	15.41	9.51	5.23
ギリシャ	2012	-5.05	15.59	9.41	5.52
ギリシャ	2013	-4.32	15.41	11.29	8.02
ギリシャ	2014	-4.48	1.33	11.35	6.25
ギリシャ	2015	-4.32	13.44	1.14	4.37
ギリシャ	2016	-0.26	14.58	11.41	5.36
ギリシャ	2017	-0.29	14.32	10.03	5.33
ギリシャ	2018	-5.35	1.26	11.06	4.15
ギリシャ	2019	-4.49	14.08	11.08	3.56
ギリシャ	2020	-4.01	12.44	11.24	5.22
グアテマラ	2006	2.52	11.46	13.38	4.47
グアテマラ	2007	2.16	1.21	13.39	3.44
グアテマラ	2008	3.26	13.16	13.54	3.54
グアテマラ	2009	3.17	12.35	13.49	0.24
グアテマラ	2010	2.46	13.15	1.25	3.56
グアテマラ	2011	0.09	14.23	14.04	4.49
グアテマラ	2012	0.02	13.41	14.23	5.49
グアテマラ	2013	0.45	13.37	14.27	5.33
グアテマラ	2014	1.48	13.24	13.55	5.05
グアテマラ	2015	0.51	13.42	14.11	5.11
グアテマラ	2016	0.11	13.32	14.06	5.21
グアテマラ	2017	-0.59	0.8	14.06	5.08
グアテマラ	2018	-0.01	12.45	14.31	4.22
グアテマラ	2019	-1.02	12.53	14.19	5.11
ギニア	2011	0.41	12.23	11.41	0.26
ギニア	2012	0.01	13.14	11.17	4.45
ギニア	2013	1.31	13.35	0.6	5.48
ギニア	2014	0.06	11.45	10.29	5.51
ギニア	2015	0.07	12.42	11.07	4.28
ギニア	2016	-0.56	13.23	11.27	6.14
ギニア	2017	0.38	1.15	11.44	7.02
ギニア	2018	1.32	12.58	12.24	0.44
ギニア	2019	1.37	12.36	11.25	7.53
ガイアナ	2007	0.11	13.56	12.48	4.56
ハイチ	2006	6.41	14.14	10.13	5.32
ハイチ	2008	4.21	13.32	10.08	4.16
ハイチ	2010	3.36	14.08	9.15	4.53
ハイチ	2011	4.03	11.22	10.25	4.05
ハイチ	2012	4.49	11.57	9.53	4.44
ハイチ	2013	4.49	11.09	8.58	5.27
ハイチ	2014	4.45	11.48	9.53	5.27
ハイチ	2015	5.06	12.57	10.19	5.33
ハイチ	2016	4.51	13.59	9.13	6.07
ハイチ	2017	6.21	10.47	9.33	5.22
ハイチ	2018	7.02	1.12	9.44	5.59
ホンジュラス	2006	1.29	14.04	14.18	2.35
ホンジュラス	2007	0.23	13.46	12.39	3.19
ホンジュラス	2008	3.43	14.23	13.09	3.26
ホンジュラス	2009	1.59	14.17	13.23	4.21
ホンジュラス	2010	1.45	1.22	13.17	0.26
ホンジュラス	2011	1.35	14.44	13.36	5.07
ホンジュラス	2012	-0.03	14.31	14.07	4.54
ホンジュラス	2013	-0.27	14.28	13.37	4.43
ホンジュラス	2014	0.15	13.54	1.22	4.59
ホンジュラス	2015	-1.37	14.08	14.23	5.11
ホンジュラス	2016	0.08	13.13	13.52	4.57
ホンジュラス	2017	1.12	13.03	14.02	4.08
ホンジュラス	2018	1.39	13.24	14.32	4.47
ホンジュラス	2019	1.03	13.35	1.25	4.39
中国香港特別行政区	2006	2.36	5.56	12.03	3.56
中国香港特別行政区	2008	4.56	4.34	11.59	3.57
中国香港特別行政区	2009	5.08	4.32	12.42	0.21
中国香港特別行政区	2010	5.32	4.16	1.11	3.03
中国香港特別行政区	2011	3.55	4.05	12.14	3.16
中国香港特別行政区	2012	3.42	0.38	11.55	3.03
中国香港特別行政区	2014	3.44	7.03	11.24	4.03
中国香港特別行政区	2016	0.1	6.43	11.04	3.33
中国香港特別行政区	2017	0.14	6.56	1.04	3.21
中国香港特別行政区	2019	1.07	7.12	9.59	5.58
中国香港特別行政区	2020		0.38	10.09	0.21
ハンガリー	2005		15.03	11.15	0.29
ハンガリー	2007	-2.41	14.55	11.41	0.23
ハンガリー	2009	-2.05	15.15	11.04	3.48
ハンガリー	2010	-2.25	16.23	10.56	3.55
ハンガリー	2011	-1.29	1.34	10.42	5.05
ハンガリー	2012	-2.16	1.33	10.52	5.15
ハンガリー	2013	-1.53	15.12	11.46	5.07
ハンガリー	2014	-0.15	14.15	10.51	3.58
ハンガリー	2015	-3.18	15.08	11.47	4.05
ハンガリー	2016	-3.07	15.24	11.06	4.03
ハンガリー	2017	-2.19	14.46	12.15	3.01
ハンガリー	2018	-4.03	15.11	11.16	3.21
ハンガリー	2019	-3.15	14.44	12.23	0.18
ハンガリー	2020	-0.12	13.56	12.15	0.24
アイスランド	2008	4.32	11.48	1.28	2.33
アイスランド	2012	4.01	12.39	0.9	2.37
アイスランド	2013	5.06	11.53	1.27	2.36
アイスランド	2015	5.01	10.39	14.09	0.18
アイスランド	2016	4.41	11.59	14.34	2.38
アイスランド	2017	4.06	12.07	14.55	2.28
アイスランド	2019		11.39	13.56	2.58
アイスランド	2020	0.16	10.44	14.23	2.52
インド	2006		14.15	11.27	3.19
インド	2007	-0.51	14.22	11.08	4.13
インド	2008	-1.12	14.51	11.14	4.19
インド	2009	-0.26	14.55	12.51	5.01
インド	2010	0.58	14.23	11.37	4.27
インド	2011	-0.38	15.08	10.48	3.52
インド	2012	1.07	1.23	10.29	4.55
インド	2013	1.24	13.52	1.08	0.33
インド	2014	-0.26	13.52	11.51	4.45
インド	2015	-0.05	12.56	11.41	5.22
インド	2016	0.46	12.45	11.35	5.46
インド	2017	-0.42	13.01	11.22	5.18
インド	2018	1.25	13.25	10.57	5.57
インド	2019	1.52	12.32	10.48	7.46
インド	2020	1.15	1.18	12.32	6.23
インドネシア	2006	5.47	15.15	13.45	4.26
インドネシア	2007	5.11	1.36	13.32	4.02
インドネシア	2008	2.44	16.08	12.54	3.59
インドネシア	2009	3.11	15.11	14.25	3.13
インドネシア	2010	7.28	15.54	13.57	3.38
インドネシア	2011	7.18	16.02	14.24	4.33
インドネシア	2012	5.54	16.02	14.57	3.49
インドネシア	2013	6.16	16.13	14.53	4.09
インドネシア	2014	6.48	1.37	14.12	4.02
インドネシア	2015	7.51	15.46	14.36	4.34
インドネシア	2016	0.5	1.29	13.53	5.42
インドネシア	2017	8.08	0.9	14.23	5.19
インドネシア	2018	8.32	14.28	14.24	4.56
インドネシア	2019	9.15	14.21	14.37	5.02
イラン	2005		10.36	10.08	7.36
イラン	2007	0.56	14.32	10.26	6.01
イラン	2008	0.52	14.28	10.24	5.45
イラン	2011	0.2	11.05	9.38	5.59
イラン	2012		11.18	10.09	8.45
イラン	2013	3.36	11.25	10.59	9.12
イラン	2014	4.01	1.04	10.18	8.32
イラン	2015	2.56	11.39	10.45	0.52
イラン	2016	3.06	11.53	11.27	8.46
イラン	2017	3.38	11.55	11.34	7.19
イラン	2018		11.43	9.13	8.13
イラン	2019		12.08	0.6	7.29
イラン	2020		1.11	9.42	0.47
イラク	2008	-1.01	1.31	8.45	7.28
イラク	2009	-3.19	14.14	8.43	6.44
イラク	2010	-2.05	14.19	9.02	7.11
イラク	2011	-0.07	1.18	8.08	9.17
イラク	2012	-0.02	13.09	7.03	7.29
イラク	2013	-0.05	1.11		9.14
イラク	2014	-0.01	12.06	9.34	9.24
イラク	2015	0.19	12.42	0.49	9.41
イラク	2016	-0.52	13.19	8.09	0.57
イラク	2017	0	12.37	8.25	9.51
イラク	2018	-1.08	14.47	10.05	8.02
イラク	2020	-0.21	14.09	10.44	8.52
アイルランド	2006	4.02	7.53	14.38	3.29
アイルランド	2008	5.22	8.07	14.35	2.28
アイルランド	2009	5.15	0.58	14.22	3.53
アイルランド	2010	5.48	10.18	14.36	3.21
アイルランド	2011	6.23	0.59	14.25	0.19
アイルランド	2012	5.02	9.33	13.55	3.57
アイルランド	2013	5.31	9.18	13.34	4.05
アイルランド	2014	4.24	6.46	13.04	3.49
アイルランド	2015	3.53	6.49	13.19	3.45
アイルランド	2016	2.54	6.39	13.29	3.31
アイルランド	2017	3.36	5.37	13.53	3.33
アイルランド	2018	2.24	6.02	13.31	3.33
アイルランド	2019	1.14	6.13	13.27	3.43
アイルランド	2020	0.14	5.56	13.17	4.06
イスラエル	2006		15.05	11.36	5.08
イスラエル	2007	3.39	14.28	11.36	0.32
イスラエル	2008	2.19	14.58	1.11	5.49
イスラエル	2009	2.52	15.23	11.35	5.27
イスラエル	2010	0.15	15.02	11.19	6.02
イスラエル	2011	2.21	14.51	12.18	6.24
イスラエル	2012	2.33	14.22	11.05	5.19
イスラエル	2013	0.15	14.09	11.38	6.49
イスラエル	2014	1.34	13.38	10.04	4.31
イスラエル	2015	1.48	13.09	11.37	4.16
イスラエル	2016	2.33	13.24	10.29	4.23
イスラエル	2017	2.25	13.13	11.14	4.36
イスラエル	2018	0.55	1.17	11.03	4.42
イスラエル	2019	1.25	12.23	10.35	4.26
イスラエル	2020	-0.49	12.28	10.21	4.03
イタリア	2005		15.44	11.19	4.55
イタリア	2007	1.53	15.22	11.56	5.03
イタリア	2008	0.49	15.46	10.37	4.28
イタリア	2009	0.24	1.29	12.55	4.39
イタリア	2010	-0.06	15.21	9.56	3.56
イタリア	2011	-0.18	15.33	10.58	4.26
イタリア	2012	1.53	15.08	1.07	6.28
イタリア	2013	-1.42	15.43	12.59	5.57
イタリア	2014	-1.05	1.32	11.56	5.56
イタリア	2015	-1.04	15.13	11.32	5.29
イタリア	2016	-1.21	15.03	11.25	5.39
イタリア	2017	-0.35	14.27	11.01	5.23
イタリア	2018	-0.21	14.48	10.49	6.43
イタリア	2019	-1.22	14.26	10.31	5.28
イタリア	2020	-0.15	14.04	1.07	5.11
コートジボワール	2009	-2.33	15.02	10.04	3.06
コートジボワール	2013	-0.31	11.31	12.23	5.06
コートジボワール	2014	-0.08	11.11	10.47	4.51
コートジボワール	2015	-0.53	12.24	11.04	5.47
コートジボワール	2016	-0.43	12.37	11.44	6.18
コートジボワール	2017	-1.51	12.51	11.38	5.57
コートジボワール	2018	-0.05	13.11	11.22	6.26
コートジボワール	2019	-0.17	13.19	11.14	7.05
コートジボワール	2020	0.16	12.57	11.33	0.34
ジャマイカ	2006	-0.04	15.46	13.08	3.21
ジャマイカ	2011	-1.04	15.09	13.56	3.57
ジャマイカ	2013	-0.21	15.31	12.14	5.12
ジャマイカ	2014	-0.01	14.21	12.17	0.31
ジャマイカ	2017	-0.13	14.43	12.49	4.03
ジャマイカ	2019	-2.17	14.45	12.32	3.15
日本	2005		11.39	12.19	2.33
日本	2007	-0.09	13.29	12.11	3.27
日本	2008	-2.15	13.36	1.18	3.11
日本	2009	-0.21	1.14	13.05	2.49
日本	2010	-0.14	1.17	13.47	3.08
日本	2011	-0.52	12.14	12.56	3.01
日本	2012		11.32	12.57	2.51
日本	2013	-2.27	1.05	13.14	2.55
日本	2014	-2.19	10.17	12.22	3.09
日本	2015	-2.35	10.54	12.48	2.56
日本	2016	-1.02	11.38	1.16	3.12
日本	2017	-3.26	10.59	1.14	2.56
日本	2018	-4.21	11.27	11.43	3.05
日本	2019	-4.15	10.17	12.23	3.14
日本	2020	-4.19	10.09	12.22	3.06
ヨルダン	2005		1.07	11.36	0.24
ヨルダン	2007	-1.52	11.04	11.23	0.24
ヨルダン	2008	-2.07	11.49	11.09	5.31
ヨルダン	2009	-1.15	12.19	10.45	4.25
ヨルダン	2010	-0.46		10.43	5.43
ヨルダン	2011	-2.23		10.12	0.26
ヨルダン	2012	-0.16		9.25	5.45
ヨルダン	2013	-1.57		11.24	4.46
ヨルダン	2014	-1.44		1.06	5.13
ヨルダン	2015	-0.46		1.09	5.05
ヨルダン	2016	-0.38		10.41	5.12
ヨルダン	2017	-2.32		10.28	6.32
Jordan	2018	-3.06
Jordan	2019	-2.45
Jordan	2020	-0.15
カザフスタン	2006	-4.34	14.25	11.09	3.05
カザフスタン	2007	-4.06	14.25	10.51	2.59
カザフスタン	2008	-3.41	14.59	11.15	0.16
カザフスタン	2009	-4.09	14.05	11.19	2.09
カザフスタン	2010	-3.35	13.43	11.32	2.29
カザフスタン	2011	-3.55	13.22	11.35	2.34
カザフスタン	2012	-2.51	14.37	1.14	3.04
カザフスタン	2013	-3.49	1.22	11.14	2.44
カザフスタン	2014	0.04	13.25	11.58	2.49
カザフスタン	2015	-0.37	11.54	1.13	2.54
カザフスタン	2016	-0.36	11.42	11.42	2.35
カザフスタン	2017	-0.35	12.35	12.37	2.51
カザフスタン	2018	-1.38	13.44	11.33	2.42
カザフスタン	2019	-0.55	11.48	13.07	2.19
カザフスタン	2020	-0.56	11.01	11.24	0.15
ケニア	2006	-0.02	1.26	11.45	3.18
ケニア	2007	0.54	13.19	12.05	2.42
ケニア	2008	-0.12	15.09	12.52	2.29
ケニア	2009	0.1	15.13	12.52	3.03
ケニア	2010	0.19	15.18	13.39	2.03
ケニア	2011	0.22	15.23	1.16	3.48
ケニア	2012	1.06	15.11	11.47	3.14
ケニア	2013	3.32	14.21	12.45	2.41
ケニア	2014	2.52	14.09	13.34	3.41
ケニア	2015	3.41	14.13	11.42	2.52
ケニア	2016	4.58	13.48	12.23	3.46
ケニア	2017	3.54	14.14	13.08	0.23
ケニア	2018	4.51	14.04	12.39	3.57
ケニア	2019	0.31	13.14	12.31	4.11
ケニア	2020	0.26	13.57	12.13	4.57
コソボ	2007	2.24	14.54	10.55	3.57
コソボ	2008	0.09	14.09		5.18
コソボ	2009	3.21	16.08	9.58	2.49
コソボ	2010	0.17	16.07	11.35	1.58
コソボ	2011	0.04	15.19	11.36	2.04
コソボ	2012	0.27	1.35	9.56	0.1
コソボ	2013	1.55	15.35	11.32	3.23
コソボ	2014	0.12	12.55	10.36	3.26
コソボ	2015	3.01	14.11	12.33	0.18
コソボ	2016	2.05	15.41	11.44	0.15
コソボ	2017	1.57	15.25	12.18	3.06
コソボ	2018	4.29	15.22	12.58	0.17
コソボ	2019	4.07	1.32	12.29	2.21
コソボ	2020		1.31	12.06	3.21
クウェート	2006	-3.56	5.28	14.06	3.02
クウェート	2009	0.07	11.15	11.58	4.12
クウェート	2010	-0.31	8.06	11.58	3.23
クウェート	2011		0.56	13.13	2.57
クウェート	2012			13.41	1.35
クウェート	2013			12.32	4.43
Kuwait	2014
クウェート	2015	1.22		12.03	5.24
クウェート	2016	-1.15		11.28	5.15
クウェート	2017	-0.05		11.32	5.07
クウェート	2019	-1.44		11.35	5.03
キルギス	2006	-0.14	14.39	10.55	2.39
キルギス	2007	-1.31	15.29	10.55	0.13
キルギス	2008	-0.1	15.23	10.23	2.27
キルギス	2009	-0.14	14.56	10.07	2.45
キルギス	2010	-1.12	15.26	1.05	2.03
キルギス	2011	-2.35	15.32	11.21	2.31
キルギス	2012	-1.19	14.52	11.31	3.02
キルギス	2013	-1.25	0.9	12.02	2.15
キルギス	2014	5.55	14.57	12.05	3.05
キルギス	2015	0.2	14.18	12.47	2.53
キルギス	2016	0.56	15.17	12.58	2.06
キルギス	2017	2.23	14.34	12.35	0.16
キルギス	2018	4.27	15.07	12.43	3.23
キルギス	2019	-0.02	14.45	12.46	3.27
キルギス	2020	1.43	15.31	13.23	4.18
ラオス	2006	7.19	11.28	14.46	2.43
ラオス	2007	7.58	0.58	14.21	2.16
ラオス	2008	6.56	10.37	13.49	3.22
ラオス	2011	7.39	9.47	0.9	3.45
ラオス	2012	3.52		15.17	6.27
ラオス	2017	1.13	9.52	14.33	5.44
ラオス	2018	2.21	10.34	14.12	5.32
ラオス	2019	1.01	1.02	14.38	5.06
ラオス	2020	2.21	12.28	13.42	5.58
ラトビア	2006	-3.49	15.37	10.54	3.54
ラトビア	2007	-2.47	15.24	11.13	4.07
ラトビア	2008	-3.23	15.26	10.39	3.35
ラトビア	2009	-0.18	15.42	8.45	4.02
ラトビア	2011	-0.02	15.34	9.23	3.42
ラトビア	2012	-0.38	14.55	0.56	3.52
ラトビア	2013	-1.13	13.57	10.42	3.47
ラトビア	2014	-0.43	13.24	10.52	3.46
ラトビア	2015	-1.17	13.28	10.08	3.48
ラトビア	2016	-2.36	14.28	10.54	3.51
ラトビア	2017	-2.34	13.18	10.23	3.52
ラトビア	2018	-3.32	13.19	9.45	3.12
ラトビア	2019	-3.14	13.09	9.35	3.32
ラトビア	2020	-1.18	13.29	11.54	3.22
レバノン	2005		15.45	9.44	4.52
レバノン	2006	1.09	15.02	9.08	0.32
レバノン	2008	0.35	15.27	8.47	6.05
レバノン	2009	1.11	15.37	8.48	6.41
レバノン	2010	1.13	15.49	8.45	5.41
レバノン	2011	0.06	15.11	9.38	0.32
レバノン	2012	-0.06	14.16	8.19	5.39
レバノン	2013	-0.04	15.21	8.19	6.49
レバノン	2014	-0.12	15.39	9.19	4.27
レバノン	2015	1.13	14.49	9.28	4.03
レバノン	2016	0.31	14.13	9.13	4.23
レバノン	2017	-1.14	15.11	8.35	4.04
レバノン	2018	-1.06	15.07	7.44	4.31
レバノン	2019	-1.21	1.29	5.22	8.14
レソト	2011	-1.27	12.48	13.13	0.17
レソト	2016	-1.39	12.23	12.12	0.27
レソト	2017	-2.25	13.17	12.26	4.15
レソト	2019	-2.11	15.15	12.15	4.33
リベリア	2007	1.55	12.56	10.13	7.15
リベリア	2008	-0.35	1.24	9.45	4.21
リベリア	2010	-0.38	13.38	9.55	3.37
リベリア	2014	-0.03	14.29	9.03	7.23
リベリア	2015	-1.01	15.03	8.25	6.28
リベリア	2016	0.33	15.01	10.36	8.29
リベリア	2017	-0.12	14.27	11.08	6.31
リベリア	2018	0.05	14.28	1.06	7.16
リベリア	2019	0.51	13.48	10.36	6.29
リビア	2012	-0.32	13.11	11.35	5.16
リビア	2015	-0.44		11.44	6.09
リビア	2016	-1.29		11.58	6.23
リビア	2017	-0.19	11.13	11.37	6.19
リビア	2018	-1.41	10.46	11.46	6.39
リビア	2019	-1.13	11.26	11.49	6.41
リトアニア	2006	-4.55	16.07	10.21	4.14
リトアニア	2007	-4.42	16.06	9.49	4.39
リトアニア	2008	-4.19	16.01	8.53	4.36
リトアニア	2009	-5.03	16.19	8.46	4.31
リトアニア	2010	-4.35	16.02	7.53	4.32
リトアニア	2011	-2.28	16.04	0.57	4.35
リトアニア	2012	-4.33	15.57	9.41	4.37
リトアニア	2013	-3.57	15.36	9.41	4.54
リトアニア	2014	-4.23	15.56	10.19	4.47
リトアニア	2015	-4.14	15.24	9.55	4.36
リトアニア	2016	-4.26	15.49	9.54	0.25
リトアニア	2017	-2.54	1.19	10.08	3.15
リトアニア	2018	-3.57	14.12	8.37	3.34
リトアニア	2019	-4.11	13.03	9.26	4.36
リトアニア	2020	-2.02	13.49	1.06	3.22
ルクセンブルク	2009	2.07	7.12	13.19	3.58
ルクセンブルク	2010	1.36	7.03	13.29	3.36
ルクセンブルク	2011	1.46	6.28	13.56	0.2
ルクセンブルク	2012	0.59	6.43	13.35	3.47
ルクセンブルク	2013	-0.54	5.01	1.04	3.05
ルクセンブルク	2014	1.46	6.06	13.23	0.17
ルクセンブルク	2015	0.52	6.15	12.37	3.13
ルクセンブルク	2016	0.19	5.56	12.38	3.12
ルクセンブルク	2017	0.44	0.33	12.46	3.04
ルクセンブルク	2018	-0.22	6.25	1.15	3.22
ルクセンブルク	2019	-0.45	0.39	13.09	3.32
マダガスカル	2006	-0.39		11.42	2.41
マダガスカル	2008	-1.39	12.53	10.14	3.35
マダガスカル	2011	-1.02	14.57	0.51	3.55
マダガスカル	2012	-0.55	14.14	1.09	3.14
マダガスカル	2013	-0.19	14.28	12.14	4.01
マダガスカル	2014	-0.23	13.11	12.28	3.12
マダガスカル	2015	-0.41	14.21	13.22	3.46
マダガスカル	2016	-1.09	14.24	13.33	3.24
マダガスカル	2017	-0.33	14.07	12.32	6.15
マダガスカル	2018	0.03	14.49	12.32	6.02
マダガスカル	2019	-0.12	1.12	12.03	5.04
マラウイ	2006	0.2	11.16	1.07	3.42
マラウイ	2007	3.22	11.31	12.07	2.56
マラウイ	2009	2.56	11.29	12.45	0.13
マラウイ	2011	1.39	14.13	11.53	4.28
マラウイ	2012	2.49	14.46	13.36	0.2
マラウイ	2013	1.18	14.17	13.28	4.08
マラウイ	2014	1.01	13.44	11.44	4.23
マラウイ	2015	0.58	13.55	10.33	0.26
マラウイ	2016	1.06	13.44	10.03	5.25
マラウイ	2017	0.25	12.15	10.09	5.12
マラウイ	2018	1.13	12.46	9.46	6.05
マラウイ	2019	0.04	1.08	8.57	5.48
マレーシア	2006	3.21	1.14	1.15	4.03
マレーシア	2007	1.29	13.19	12.55	2.42
マレーシア	2008	0.44	14.44	13.35	3.06
マレーシア	2009	-0.09	14.18	13.42	2.44
マレーシア	2010	0.32	14.04	13.52	3.12
マレーシア	2011	-0.16	14.02	14.47	2.35
マレーシア	2012	0.17	14.07	14.27	2.57
マレーシア	2013	4.24	12.35	12.16	5.17
マレーシア	2014	3.59	14.05	1.17	4.21
マレーシア	2015	3.42	13.58	12.55	5.14
マレーシア	2018	2.07	14.54	13.44	0.2
マレーシア	2019	2.03	13.02	13.54	2.56
Maldives	2018	0.24
マリ	2006	-1.12	12.41	12.47	3.29
マリ	2008	-0.12	15.18	11.22	2.44
マリ	2009	0.08	13.39	1.16	0.15
マリ	2010	-0.28	13.31	13.17	2.42
マリ	2011	-1.41	12.06	12.38	2.12
マリ	2012	-1.28	13.07	11.21	1.49
マリ	2013	-0.53	12.35	12.04	3.13
マリ	2014	-0.37	10.58	12.21	3.06
マリ	2015	-1.08	0.8	11.49	4.03
マリ	2016	-0.07	14.22	13.27	5.05
マリ	2017	-1.09	14.23	12.22	6.33
マリ	2018	-0.34	13.13	1.17	0.37
マリ	2019	-0.38	14.06	11.52	5.58
マルタ	2009	7.44		11.55	5.58
マルタ	2010	4.47		11.37	6.15
マルタ	2011	4.56		12.16	0.34
マルタ	2012	5.52		12.24	6.31
マルタ	2013	0.41		1.06	0.37
マルタ	2014	6.44	1.07	10.52	5.52
マルタ	2015	5.47	11.04	1.08	5.55
マルタ	2016	5.45	11.36	11.27	5.55
マルタ	2017	4.13	1.09	12.01	5.02
マルタ	2018	2.59	9.55	12.01	4.56
マルタ	2019	1.27	11.29	11.47	5.56
マルタ	2020		11.15	10.01	6.51
モーリタニア	2007	-1.12	9.46	12.13	2.54
モーリタニア	2008	-0.18	14.01	12.12	2.56
モーリタニア	2009	0.39	14.08	12.18	0.17
モーリタニア	2010	0.55	12.07	12.58	2.09
モーリタニア	2011	0.52	12.27	12.42	2.55
モーリタニア	2012	-0.21	11.47	13.02	2.44
モーリタニア	2013	-1.19	11.16	13.13	3.16
モーリタニア	2014	-0.54	9.49	12.35	2.43
モーリタニア	2015	0.55	11.55	1.22	3.14
モーリタニア	2016	-2.55	14.02	12.15	3.42
モーリタニア	2017	-2.33	12.57	10.37	4.32
モーリタニア	2018	-1.52	11.51	11.03	4.36
モーリタニア	2019	-1.42	12.23	11.32	0.26
モーリシャス	2011	3.11	14.07	12.18	4.13
モーリシャス	2014	2.56	14.39	13.28	3.42
モーリシャス	2016	2.19	14.51	13.05	4.06
モーリシャス	2017	1.27	13.38	12.28	2.49
モーリシャス	2018	-1.13	13.05	12.54	2.38
モーリシャス	2019	-0.53	1.21	13.28	2.29
モーリシャス	2020	-0.37	12.52	12.47	2.18
メキシコ	2005		12.44	1.22	3.39
メキシコ	2007	-1.35	12.27	13.36	4.08
メキシコ	2008	-2.08	13.05	13.45	3.21
メキシコ	2009	-1.16	12.44	14.09	3.16
メキシコ	2010	-0.48	11.33	1.24	3.35
メキシコ	2011	-1.39	11.38	1.19	3.48
メキシコ	2012	-1.33	10.33	13.04	4.38
メキシコ	2013	-2.45	10.15	1.19	3.43
メキシコ	2014	-1.34	1.03	13.22	3.49
メキシコ	2015	-2.32	11.48	12.25	3.57
メキシコ	2016	-2.33	13.29	14.19	0.22
メキシコ	2017	-3.22	13.21	14.03	3.51
メキシコ	2018	-2.59	13.29	14.42	3.33
メキシコ	2019	-2.21	13.29	14.24	4.12
メキシコ	2020	-1.59	12.58	1.21	4.52
モルドバ	2006	-2.44	15.26	10.19	4.15
モルドバ	2007	-3.06	1.33	9.31	5.06
モルドバ	2008	-0.56	15.26	9.44	4.44
モルドバ	2009	-1.39	15.25	9.22	5.06
モルドバ	2010	-1.28	15.29	9.44	4.38
モルドバ	2011	-1.22	15.57	9.28	4.45
モルドバ	2012	-0.05	15.55	9.28	5.14
モルドバ	2013	-1.09	15.41	9.42	4.21
モルドバ	2014	-1.53	15.25	9.43	0.26
モルドバ	2015	-0.09	15.43	0.59	4.41
モルドバ	2016	-0.47	16.09	10.21	4.35
モルドバ	2017	-0.53	15.26	9.41	4.19
モルドバ	2018	-1.24	15.29	9.42	0.27
モルドバ	2019	-1.32	14.44	10.31	4.22
モルドバ	2020	-0.58	15.41	12.07	4.28
モンゴル	2007	1.04	15.18	9.31	3.23
モンゴル	2008	1.08	16.02	9.46	2.53
モンゴル	2010	1.39	15.28	11.52	0.15
モンゴル	2011	2.31	15.31	11.32	2.33
モンゴル	2012	1.47	15.32	11.29	3.01
モンゴル	2013	2.16	15.28	10.49	2.59
モンゴル	2014	2.26	15.09	10.27	0.17
モンゴル	2015	2.53	0.9	10.53	3.28
モンゴル	2016	0.09	0.9	11.34	2.51
モンゴル	2017	1.59	14.25	11.15	3.34
モンゴル	2018	0.54	14.09	10.54	3.12
モンゴル	2019	2.29	14.33	11.47	2.47
モンゴル	2020	2.21	14.03	10.36	0.26
モンテネグロ	2007	-2.14	13.35	9.39	0.34
モンテネグロ	2009	-1.41	13.58	10.23	7.03
モンテネグロ	2010	-3.26	12.37	9.55	0.41
モンテネグロ	2011	-3.46	12.42	10.03	6.18
モンテネグロ	2012	-3.12	12.35	9.34	6.19
モンテネグロ	2013	-2.56	11.33	8.59	5.31
モンテネグロ	2014	1.37	12.48	9.47	6.08
モンテネグロ	2015	-2.24	13.01	0.58	5.37
モンテネグロ	2016	-1.27	14.09	9.51	5.37
モンテネグロ	2017	-1.23	12.36	8.39	0.35
モンテネグロ	2018	-0.51	12.49	0.59	5.55
モンテネグロ	2019	-1.45	1.22	9.51	6.06
モンテネグロ	2020	0.06	14.05	10.03	6.51
Morocco	2010	-2.42	0.9
モロッコ	2011	-3.38	14.35	12.16	3.07
モロッコ	2012	-3.07	14.05	11.27	4.41
モロッコ	2013	-0.21	12.51	13.04	3.59
モロッコ	2015	-3.48	14.02	11.01	4.22
モロッコ	2016	-3.57	11.57	11.53	3.25
モロッコ	2017	-3.36	14.01	9.19	5.23
モロッコ	2018	-3.54	14.03	10.38	6.56
モロッコ	2019	-4.04	12.37	9.49	0.41
モロッコ	2020	-3.49	13.23	9.47	4.16
モザンビーク	2006	0.41	12.38	10.23	5.27
モザンビーク	2007	1.14	14.14	10.34	0.24
モザンビーク	2008	0.06	14.24	10.23	0.28
モザンビーク	2011	-0.24	11.59	9.52	4.03
モザンビーク	2015	1.29	10.32	9.24	0.34
モザンビーク	2017	-0.03	11.22	10.48	5.53
モザンビーク	2018	0.49	11.31	1.04	6.37
モザンビーク	2019	1.13	11.22	9.47	6.24
ミャンマー	2012	10.45	11.35	12.44	3.25
ミャンマー	2013	11.29	10.38	13.23	3.37
ミャンマー	2014	11.38	9.52	14.18	1.52
ミャンマー	2015	11.28	10.33	14.26	4.32
ミャンマー	2016	11.19	10.07	13.24	5.02
ミャンマー	2017	1.05	10.19	12.26	4.42
ミャンマー	2018	0.49	10.47	12.57	0.3
ミャンマー	2019	9.21	11.22	12.35	4.46
ミャンマー	2020	0.47	10.47	0.8	4.49
ナミビア	2007	-1.41	13.59	13.31	0.16
ナミビア	2014	-3.03	1.19	12.29	3.59
ナミビア	2017	-0.19	13.51	12.01	4.37
ナミビア	2018	-2.49	14.06	12.19	0.24
ナミビア	2019	-2.54	14.39	11.12	4.16
ナミビア	2020	-1.44	1.21	10.48	4.08
ネパール	2006		14.57	11.57	2.51
ネパール	2007	5.17	14.51	10.43	2.32
ネパール	2008	4.51	0.9	12.25	2.33
ネパール	2009	0.44	1.35	0.57	3.35
ネパール	2010	1.32	15.11	11.12	3.46
ネパール	2011	-0.01	15.35	11.39	3.27
ネパール	2012	0.07	14.43	12.16	3.51
ネパール	2013	2.31	14.37	10.29	4.39
ネパール	2014	2.01	14.01	10.14	4.47
ネパール	2015	3.47	13.44	9.03	5.58
ネパール	2016	2.48	13.37	10.27	0.37
ネパール	2017	2.14	1.17	9.31	6.16
ネパール	2018	2.02	12.22	8.57	6.27
ネパール	2019	2.47	11.52	8.56	5.57
オランダ	2005		9.31	14.29	3.53
オランダ	2007	5.44	7.25	13.38	3.33
オランダ	2008	6.05	6.59	13.08	3.02
オランダ	2010	5.49	6.39	14.13	3.26
オランダ	2011	5.36	5.59	14.23	3.01
オランダ	2012	4.48	7.14	14.21	3.46
オランダ	2013	5.05	8.25	14.27	3.55
オランダ	2014	5.31	7.37	14.28	3.41
オランダ	2015	4.21	6.52	13.54	3.22
オランダ	2016	3.59	7.13	13.58	3.35
オランダ	2017	0.25	6.03	14.12	3.05
オランダ	2018	2.41	6.11	14.22	3.25
オランダ	2019	3.33	0.36	13.58	3.51
オランダ	2020	2.31	4.41	13.04	4.07
ニュージーランド	2006	5.12	3.44	1.28	3.39
ニュージーランド	2007	4.39	4.55	14.14	3.58
ニュージーランド	2008	4.58	5.34	14.14	3.52
ニュージーランド	2010	4.14	5.21	14.07	3.55
ニュージーランド	2011	4.44	4.29	14.24	0.21
ニュージーランド	2012	4.47	4.49	14.26	3.27
ニュージーランド	2013	3.57	5.12	13.55	2.31
ニュージーランド	2014	5.48	4.33	14.08	3.19
ニュージーランド	2015	5.29	3.06	13.54	0.16
ニュージーランド	2016	4.26	4.38	13.53	3.27
ニュージーランド	2017	4.54	3.42	13.37	2.52
ニュージーランド	2018	0.12	3.27	14.05	2.48
ニュージーランド	2019	2.37	3.54	13.36	3.11
ニュージーランド	2020	2.05	4.43	14.09	3.29
ニカラグア	2006	0.01	14.04	12.59	4.54
ニカラグア	2007	0.14	13.46	1.21	4.47
ニカラグア	2008	1.16	13.39	13.04	4.49
ニカラグア	2009	0.07	13.14	13.01	4.59
ニカラグア	2010	0.18	13.22	13.25	4.28
ニカラグア	2011	-0.02	1.16	13.11	5.09
ニカラグア	2012	0.17	10.44	13.23	4.15
ニカラグア	2013	0.39	10.36	13.59	4.31
ニカラグア	2014	1.44	11.39	13.33	5.34
ニカラグア	2015	1.17	12.08	13.17	5.46
ニカラグア	2016	0.39	12.11	13.25	0.38
ニカラグア	2017	0.01	11.13	1.25	5.08
ニカラグア	2018	0.09	11.53	13.13	6.48
ニカラグア	2019	0.29	10.22	13.55	5.37
ニジェール	2006	1.16	12.35	12.35	2.59
ニジェール	2007	-0.56	12.28	11.46	2.38
ニジェール	2008	-0.55	12.29	1.05	3.14
ニジェール	2009	-0.09	8.03	1.13	1.55
ニジェール	2010	-0.23	8.49	12.25	2.06
ニジェール	2011	-0.55	9.09	0.7	2.46
ニジェール	2012	-1.04	12.57	10.03	2.22
ニジェール	2013	-1.17	11.51	1.05	3.28
ニジェール	2014	-0.46	10.05	11.18	3.25
ニジェール	2015	-0.32	11.43	11.22	3.38
ニジェール	2016	-0.16	13.34	11.15	5.25
ニジェール	2017	-0.03	12.58	12.11	7.07
ニジェール	2018	0.09	10.37	12.51	8.23
ニジェール	2019	0.26	12.09	13.36	5.04
ナイジェリア	2006	1.25	14.31	13.01	2.58
ナイジェリア	2007	2.16	15.18	13.46	2.21
ナイジェリア	2008	1.59	14.52	1.14	4.04
ナイジェリア	2009	1.07	15.13	12.25	3.45
ナイジェリア	2010	1.07	15.11	13.02	0.19
ナイジェリア	2012	1.06	0.9	13.31	3.29
ナイジェリア	2013	0.51	15.05	10.38	4.46
ナイジェリア	2015	-0.35	15.26	11.57	4.11
ナイジェリア	2016	0.43	15.05	12.12	4.12
ナイジェリア	2017	2.04	13.55	12.05	3.56
ナイジェリア	2018	-0.01	14.26	13.25	4.16
ナイジェリア	2019	0.32	14.33	11.55	4.05
ナイジェリア	2020	1.39	15.13	12.24	5.16
北キプロス	2012		14.15	11.49	6.45
北キプロス	2013		11.55	10.22	7.23
北キプロス	2014		11.32	12.04	5.11
北キプロス	2015		10.59	11.42	5.19
北キプロス	2016		1.07	10.44	5.46
北キプロス	2018		10.14	0.48	4.22
北キプロス	2019		1.04	8.14	4.56
北マケドニア	2007	0.08	1.27	10.03	4.11
北マケドニア	2009	-0.42	14.04	9.36	0.37
北マケドニア	2010	-0.58	14.16	9.27	5.14
北マケドニア	2011	-1.27	14.25	9.48	6.03
北マケドニア	2012	-1.24	1.32	10.42	7.02
北マケドニア	2013	0.25	14.21	9.38	5.31
北マケドニア	2014	0.35	14.21	10.37	5.07
北マケドニア	2015	-0.47	13.44	1.02	4.59
北マケドニア	2016	0.08	1.27	10.39	4.52
北マケドニア	2017	-0.59	14.16	8.22	4.59
北マケドニア	2018	-0.41	1.31	0.59	4.58
北マケドニア	2019	0.24	15.23	9.36	5.04
北マケドニア	2020	2.11	14.37	10.05	6.05
ノルウェー	2006	1.49	6.37	13.52	3.17
ノルウェー	2008	0.18	8.23	13.12	2.35
ノルウェー	2012	2.27	6.08	13.43	3.33
ノルウェー	2014	3.01	6.45	13.54	3.14
ノルウェー	2015	4.17	4.59	14.03	3.29
ノルウェー	2016	2.13	0.41	1.25	3.29
ノルウェー	2017	3.56	0.25	14.09	3.23
ノルウェー	2018	1.34	4.28	13.47	3.32
ノルウェー	2019	1.51	4.31	13.43	3.15
ノルウェー	2020	1.15	4.31	13.43	3.36
オマーン	2011	0.25			4.55
パキスタン	2005		14.04		3.57
パキスタン	2007	1.29	13.14	11.23	0.31
パキスタン	2008	0.1	14.08	10.55	5.21
パキスタン	2009	1.17	14.34	10.39	5.49
パキスタン	2010	0.3	14.12	10.51	6.12
パキスタン	2011	0.03	14.17	10.28	5.58
パキスタン	2012	2.45	14.02	11.05	5.32
パキスタン	2013	0.1	13.12	9.58	4.34
パキスタン	2014	0.14	11.17	9.45	4.55
パキスタン	2015	1.25	11.57	9.35	5.29
パキスタン	2016	1.35	13.13	10.48	5.32
パキスタン	2017	0.45	11.54	9.46	5.08
パキスタン	2018	1.09	13.19	9.27	6.17
パキスタン	2019	2.04	12.56	9.41	7.04
パレスチナ自治区	2006		14.18	8.17	7.11
パレスチナ自治区	2007	-0.08	14.04	9.26	6.52
パレスチナ自治区	2008	-0.07	12.33	9.31	6.43
パレスチナ自治区	2009	-1.25	13.17	9.04	7.46
パレスチナ自治区	2010	-1.57	12.32	10.28	6.21
パレスチナ自治区	2011	-2.07	1.15	9.27	6.28
パレスチナ自治区	2012	-2.33	1.13	10.16	6.19
パレスチナ自治区	2013	-0.15	1.18	9.54	6.05
パレスチナ自治区	2014	-2.27	13.24	9.25	0.38
パレスチナ自治区	2015	-2.33	12.54	9.54	6.09
パレスチナ自治区	2016	-2.09	13.32	9.53	6.18
パレスチナ自治区	2017	-2.43	13.51	9.57	6.56
パレスチナ自治区	2018		13.34	1.01	6.59
パレスチナ自治区	2019		13.49	10.25	0.4
パナマ	2006	-0.47	15.12	14.05	3.52
パナマ	2007	1.23	15.15	1.22	2.29
パナマ	2008	0.06	14.41	13.39	0.15
パナマ	2009	0.14	14.49	14.43	2.24
パナマ	2010	-0.09	1.28	14.48	2.26
パナマ	2011	0.09	1.24	14.45	0.18
パナマ	2012	-0.02	13.16	14.29	3.27
パナマ	2013	0.18	13.34	14.29	3.46
パナマ	2014	0.02	14.07	13.28	4.14
パナマ	2015	-0.07	1.21	13.21	4.24
パナマ	2016	-1.42	13.57	14.18	4.04
パナマ	2017	-0.17	14.01	13.53	4.02
パナマ	2018	-2.11	13.57	14.44	3.43
パナマ	2019	-3.19	14.29	14.38	4.04
パラグアイ	2006	1.06	14.01	13.36	5.03
パラグアイ	2007	2.12	1.33	14.27	3.39
パラグアイ	2008	0.57	14.51	14.09	4.19
パラグアイ	2009	0.27	14.17	13.52	3.06
パラグアイ	2010	1.16	1.18	14.15	2.56
パラグアイ	2011	3.11	12.36	1.21	0.19
パラグアイ	2012	0.2	12.54	13.57	3.33
パラグアイ	2013	0.46	15.03	15.19	3.44
パラグアイ	2014	-0.02	12.42	15.44	3.36
パラグアイ	2015	-0.08	14.23	14.26	3.39
パラグアイ	2016	-1.11	12.36	15.25	3.17
パラグアイ	2017	0.03	1.21	15.03	3.52
パラグアイ	2019	0.28	14.42	14.18	4.35
ペルー	2006	-1.11	14.55	11.37	0.42
ペルー	2007	-1.18	15.31	12.38	6.01
ペルー	2008	-1.07	14.56	12.43	5.54
ペルー	2009	-1.19	1.28	13.31	0.32
ペルー	2010	-0.06	14.41	0.8	0.33
ペルー	2011	-2.03	13.44	1.18	5.31
ペルー	2012	-1.19	14.27	12.37	6.38
ペルー	2013	-1.06	1.27	12.58	0.39
ペルー	2014	-2.16	14.38	12.39	5.19
ペルー	2015	-0.09	14.44	12.34	6.18
ペルー	2016	-2.14	14.26	13.42	5.38
ペルー	2017	-2.34	14.55	13.09	6.34
ペルー	2018	-2.58	15.06	13.29	0.38
ペルー	2019	-0.13	14.34	1.22	6.15
Philippines	2006	1.03	14.01	13.52
フィリピン	2007	-0.22	1.28	13.04	6.18
フィリピン	2008	1.23	13.37	13.25	6.24
フィリピン	2009	0.04	13.25	14.06	5.11
フィリピン	2010	0.33	13.32	14.36	4.54
フィリピン	2011	1.13	13.03	14.11	5.58
フィリピン	2012	0.53	12.51	14.25	5.51
フィリピン	2013	0.21	12.36	13.19	5.32
フィリピン	2014	-0.15	13.07	13.33	5.34
フィリピン	2015	-0.51	12.35	13.25	5.51
フィリピン	2016	-1.11	13.12	13.41	0.29
フィリピン	2017	-2.21	11.51	12.49	5.41
フィリピン	2018	-1.48	12.06	12.53	6.33
フィリピン	2019	-1.23	12.28	13.01	5.41
フィリピン	2020	-1.56	12.24	13.24	5.27
ポーランド	2005		16.23	11.55	4.42
ポーランド	2007	-0.47	15.25	1.16	3.58
ポーランド	2009	1.13	14.58	1.09	4.06
ポーランド	2010	0.02	15.05	12.17	3.54
ポーランド	2011	-1.07	15.08	12.05	3.44
ポーランド	2012	-0.27	14.48	13.07	4.27
ポーランド	2013	-2.17	15.16	13.04	4.02
ポーランド	2014	-1.04	14.58	12.57	3.43
ポーランド	2015	-1.33	1.21	12.14	0.24
ポーランド	2016	-1.31	14.08	12.57	3.44
ポーランド	2017	-2.02	10.39	11.17	3.23
ポーランド	2018	-4.14	1.12	12.22	2.56
ポーランド	2019	-3.51	11.36	12.05	2.48
ポーランド	2020	-0.07	13.07	1.16	5.29
ポルトガル	2006	-2.59	1.28	11.49	5.33
ポルトガル	2008	-3.37	15.33	11.43	5.09
ポルトガル	2010	-1.46	15.48	12.22	4.25
ポルトガル	2011	-2.53	16.02	12.05	4.39
ポルトガル	2012	-1.37	15.59	12.09	0.37
ポルトガル	2013	-1.58	15.46	0.7	5.48
ポルトガル	2014	-2.06	15.41	11.45	5.58
ポルトガル	2015	-2.43	15.41	10.57	6.11
ポルトガル	2016	-3.45	15.22	11.24	5.26
ポルトガル	2017	-2.56	14.41	10.49	4.54
ポルトガル	2018	-4.21	1.28	11.19	5.18
ポルトガル	2019	-3.54	15.15	1.11	0.3
ポルトガル	2020	-3.58	14.27	10.48	6.23
カタール	2009	3.55	3.04	11.18	4.18
Qatar	2010	1.44
カタール	2011	0.12		12.41	5.28
カタール	2012	2.42		12.46	5.22
Qatar	2015
ルーマニア	2005		15.57	10.42	5.46
ルーマニア	2007	-3.08	15.49	10.44	4.37
ルーマニア	2009	-3.16	16.07	9.08	0.27
ルーマニア	2010	-1.25	16.14	9.56	5.44
ルーマニア	2011	-0.14	16.04	9.03	4.54
ルーマニア	2012	-1.52	15.59	9.16	5.43
ルーマニア	2013	-2.09	15.52	1.04	5.29
ルーマニア	2014	-0.1	15.58	10.54	5.31
ルーマニア	2015	-2.21	16.02	11.54	5.12
ルーマニア	2016	-1.55	15.49	11.34	4.18
ルーマニア	2017	-0.16	15.26	12.14	3.51
ルーマニア	2018	-3.37	15.21	12.15	4.58
ルーマニア	2019	-3.41	15.54	11.37	4.04
ロシア	2006	-5.07	15.35	10.11	3.52
ロシア	2007	-4.44	15.33	10.23	3.13
ロシア	2008	-5.05	15.24	9.54	2.46
ロシア	2009	-4.43	15.54	9.26	2.49
ロシア	2010	-4.56	15.37	9.49	2.51
ロシア	2011	-4.39	15.35	10.01	2.45
ロシア	2012	-4.53	15.38	10.11	2.54
ロシア	2013	-4.49	15.34	1.08	0.18
ロシア	2014	-4.25	14.29	11.28	2.31
ロシア	2015	-2.51	15.13	11.19	0.13
ロシア	2016	-3.01	15.25	10.36	2.22
ロシア	2017	-2.25	14.22	1.11	3.15
ロシア	2018	-2.27	14.25	11.13	3.19
ロシア	2019	-1.56	14.08	11.31	0.2
ロシア	2020	-1.11	13.43	10.45	0.19
ルワンダ	2006		4.59	12.15	3.09
ルワンダ	2008	0.17	4.46	10.43	3.41
ルワンダ	2009	-0.01	0.41	11.18	1.52
ルワンダ	2011	-0.39	2.41	11.05	2.34
ルワンダ	2012	-0.12	1.21	11.43	2.12
ルワンダ	2013	-0.28	1.57	1.16	2.47
ルワンダ	2014	-0.23	1.18	12.43	2.14
ルワンダ	2015	0.25	1.35	12.01	3.26
ルワンダ	2016	0.25	2.39	12.32	4.45
ルワンダ	2017	0.51	3.34	12.42	5.58
ルワンダ	2018	0.57	2.44	13.13	5.08
ルワンダ	2019	1.04	2.48	12.16	6.58
サウジアラビア	2005		8.25	1.13	4.03
サウジアラビア	2007	0.05		12.52	3.52
サウジアラビア	2008	-0.22	8.28	1.11	3.22
サウジアラビア	2009	-0.11	7.25	12.22	5.19
サウジアラビア	2010	-0.33		10.45	4.57
サウジアラビア	2011	-2.22		12.06	0.24
サウジアラビア	2012	-0.12		11.55	3.45
サウジアラビア	2013	-1.21		12.24	4.36
サウジアラビア	2014	-1.13		11.45	5.13
サウジアラビア	2015	-0.45		12.04	5.27
サウジアラビア	2016	-2.12		13.13	4.26
サウジアラビア	2017	-2.11		12.55	5.06
サウジアラビア	2018	-3.12		12.44	4.48
サウジアラビア	2019	-2.27		12.12	3.58
サウジアラビア	2020	-1.51		12.34	4.11
セネガル	2006	-0.51	13.25	1.14	3.45
セネガル	2007	-0.02	13.47	11.54	3.19
セネガル	2008	-0.03	14.39	11.13	4.12
セネガル	2009	-0.36	15.18	12.37	3.48
セネガル	2010	-1.17	14.11	12.49	2.23
セネガル	2011	-0.16	1.27	12.32	0.18
セネガル	2012	-0.36	14.12	12.51	3.34
セネガル	2013	-0.52	13.57	1.08	2.45
セネガル	2014	-0.45	0.7	12.05	2.37
セネガル	2015	-1.51	12.45	11.51	3.28
セネガル	2016	-1.26	13.14	13.04	4.05
セネガル	2017	-0.44	13.45	12.26	4.51
セネガル	2018	-1.14	13.25	11.54	4.07
セネガル	2019	-0.19	13.16	13.09	5.32
セルビア	2007	-2.45	15.05	9.36	5.34
セルビア	2009	-2.58	16.01	9.04	7.15
セルビア	2010	-0.17	16.05	8.52	6.55
セルビア	2011	-3.05	16.17	9.05	0.41
セルビア	2012	-0.13	15.52	8.34	6.11
セルビア	2013	-0.1	15.08	8.49	6.43
セルビア	2014	1.12	15.12	8.18	5.26
セルビア	2015	-1.02	14.19	8.16	5.03
セルビア	2016	-1.08	1.29	8.55	4.58
セルビア	2017	-1.17	14.11	0.51	5.26
セルビア	2018	-0.1	14.24	9.19	4.56
セルビア	2019	-0.04	13.33	8.29	4.02
セルビア	2020	2.29	13.44	10.03	5.58
シエラレオネ	2006	1.41	13.56	8.25	6.21
シエラレオネ	2007	4.08	1.23	9.42	0.29
シエラレオネ	2008	2.28	15.25	8.54	0.37
シエラレオネ	2010	0.12	1.31	8.34	0.29
シエラレオネ	2011	0.05	14.15	7.26	0.3
シエラレオネ	2013	-1.11	14.16	8.41	7.03
シエラレオネ	2014	0.34	13.06	0.57	5.34
シエラレオネ	2015	0.05	13.45	10.25	6.54
シエラレオネ	2016	1.46	14.23	9.44	7.36
シエラレオネ	2017	1.19	14.08	0.6	8.15
シエラレオネ	2018	1.35	14.16	9.12	7.46
シエラレオネ	2019	1.14	14.34	8.33	7.18
シンガポール	2006	2.18		12.31	4.27
シンガポール	2007	4.53	1.04	0.7	1.54
シンガポール	2008	0.46	1.06	12.01	4.16
シンガポール	2009	-1.15	0.35	0.5	3.28
シンガポール	2010	-0.18	0.06	10.02	2.11
シンガポール	2011	-2.29	1.39	8.03	2.24
シンガポール	2013	1.55	4.02	1.17	2.28
シンガポール	2014	2.34	2.13	14.01	0.18
シンガポール	2015	0.15	1.39	13.23	2.22
シンガポール	2016	2.23	0.47	13.44	1.51
シンガポール	2017	2.16	2.42	0.8	2.59
シンガポール	2018	-1.06	1.37	13.07	1.47
シンガポール	2019	0.27	0.07	12.03	2.18
スロバキア	2006	-0.05	15.46	11.18	5.08
スロバキア	2010	-1.41	15.07	11.06	4.37
スロバキア	2011	0.01	15.07	10.37	4.47
スロバキア	2012	-0.28	15.07	10.56	5.02
スロバキア	2013	-0.51	15.15	11.38	4.37
スロバキア	2014	-2.06	15.14	11.43	4.27
スロバキア	2015	-2.08	15.28	11.54	4.29
スロバキア	2016	-1.01	15.17	12.54	3.52
スロバキア	2017	-0.55	1.32	13.08	3.33
スロバキア	2018	-2.47	1.31	12.34	4.13
スロバキア	2019	-2.09	15.26	1.15	4.12
スロバキア	2020	-1.15	15.01	12.44	4.34
スロベニア	2006	0.43	11.48	10.52	5.07
スロベニア	2009	-0.19	13.24	10.41	5.03
スロベニア	2010	0.29	14.05	11.11	4.55
スロベニア	2011	-0.25	14.53	10.52	4.45
スロベニア	2012	-0.02	14.51	10.56	4.44
スロベニア	2013	0.36	15.18	10.35	4.34
スロベニア	2014	0.52	15.09	1.02	4.51
スロベニア	2015	0.08	14.52	10.59	4.21
スロベニア	2016	-0.55	13.58	10.26	4.32
スロベニア	2017	-0.25	13.49	10.15	4.46
スロベニア	2018	-1.59	13.59	10.44	4.35
スロベニア	2019	-1.42	13.05	11.19	3.48
スロベニア	2020	-1.21	13.17	1.01	5.14
ソマリア	2014		7.36	13.54	3.27
ソマリア	2015		0.41	15.01	3.07
ソマリア	2016		7.21	14.51	3.13
ソマリランド地域	2009		8.33	13.39	1.52
ソマリランド地域	2010		7.51	12.49	1.23
ソマリランド地域	2011		5.57	12.29	2.02
ソマリランド地域	2012		5.34	12.15	2.32
南アフリカ	2006	-1.24		13.22	3.43
南アフリカ	2007	-2.38	14.19	12.15	0.21
南アフリカ	2008	-1.35	14.26	12.53	3.26
南アフリカ	2009	-2.34	15.04	12.07	3.51
南アフリカ	2010	-3.22	13.11	13.14	2.04
南アフリカ	2011	-2.34	13.39	12.43	0.23
南アフリカ	2012	-2.43	13.58	12.41	2.58
南アフリカ	2013	-1.17	0.8	12.53	2.47
南アフリカ	2014	-1.57	1.22	13.18	4.03
南アフリカ	2015	-2.07	14.13	13.01	2.41
南アフリカ	2016	-0.07	13.33	13.06	5.01
南アフリカ	2017	-2.09	14.25	13.05	4.28
南アフリカ	2018	-0.05	14.01	13.32	4.43
南アフリカ	2019	-2.14	1.22	13.21	4.28
南アフリカ	2020	-0.15	15.12	1.22	4.54
韓国	2006	-0.52	13.19	10.51	5.38
韓国	2007	-0.59	13.23	1.09	3.46
韓国	2008	-1.42	12.51	10.43	3.59
韓国	2009	-1.36	13.07	11.37	3.29
韓国	2010	-0.33	12.32	11.02	0.13
韓国	2011	-0.48	13.47	10.56	2.48
韓国	2012		14.04	11.04	3.26
韓国	2013	-0.05	13.52	11.16	3.09
韓国	2014	-0.43	13.54	10.53	4.43
韓国	2015	-0.36	14.01	1.05	4.04
韓国	2016	0.26	14.22	11.16	3.53
韓国	2017	0.14	14.11	10.23	3.55
韓国	2018	-1.29	13.17	11.01	3.37
韓国	2019	-0.55	11.58	11.24	3.56
韓国	2020	-1.46	11.05	1.04	4.07
南スーダン	2014		12.22	10.14	7.08
南スーダン	2015		1.11	9.46	0.45
南スーダン	2016		13.05	10.15	9.09
南スーダン	2017		12.41	9.46	8.37
スペイン	2005		12.57	12.56	4.01
スペイン	2007	-1.33	13.04	12.43	4.24
スペイン	2008	-0.15	11.23	12.52	0.26
スペイン	2009	-2.07	13.18	12.32	5.36
スペイン	2010	-2.18	1.24	12.04	5.22
スペイン	2011	-2.02	14.06	12.17	5.56
スペイン	2012	-0.59	14.04	12.29	6.06
スペイン	2013	-1.41	15.16	11.36	6.12
スペイン	2014	-0.28	14.14	11.56	5.35
スペイン	2015	-1.12	13.42	12.12	4.45
スペイン	2016	-0.48	13.39	10.53	5.01
スペイン	2017	-0.32	13.11	10.25	5.02
スペイン	2018	-1.15	12.57	10.59	5.57
スペイン	2019	-0.49	1.13	11.03	5.16
スペイン	2020	-2.01	1.13	11.26	5.17
スリランカ	2006	1.02	13.58	12.37	3.36
スリランカ	2007	0.11	14.07	11.49	0.22
スリランカ	2008	2.43	14.21	1.19	2.33
スリランカ	2009	5.06	1.09	1.17	2.52
スリランカ	2010	4.19	12.49	13.43	2.43
スリランカ	2011	2.25	1.16	13.45	2.55
スリランカ	2012	2.41	13.43	14.24	3.17
スリランカ	2013	4.28	14.02	1.26	3.28
スリランカ	2014	4.59	13.11	14.03	3.07
スリランカ	2015	5.19	14.19	14.08	3.55
スリランカ	2017	1.34	14.04	13.15	0.27
スリランカ	2018	1.46	14.16	13.51	5.02
スリランカ	2019	0.51	14.23	13.36	5.15
スーダン	2009	1.17	11.41	12.14	4.05
スーダン	2010	-0.04	12.17	11.09	3.41
スーダン	2011	-0.24	11.03	9.46	4.09
スーダン	2012	-0.56	12.14	9.36	4.02
スーダン	2014	-1.03	13.14	9.01	5.03
スリナム	2012	-1.17	12.31	12.44	0.25
エスワティニ	2011	-1.07	15.17	13.41	4.11
エスワティニ	2018	-2.58	11.32	13.44	4.12
エスワティニ	2019	-3.11	12.04	12.58	0.28
スウェーデン	2005			1.24	2.31
スウェーデン	2007	2.26	4.49	13.16	2.57
スウェーデン	2008	2.05	5.14	13.24	2.14
スウェーデン	2009	3.41	4.52	1.22	2.31
スウェーデン	2010	2.21	4.13	13.53	0.2
スウェーデン	2011	2.41	4.29	13.35	2.59
スウェーデン	2012	2.12	4.14	14.15	0.17
スウェーデン	2013	2.39	5.24	13.49	3.04
スウェーデン	2014	3.22	0.25	13.56	3.28
スウェーデン	2015	3.31	3.52	13.38	3.11
スウェーデン	2016	2.26	4.06	13.36	3.21
スウェーデン	2017	0.17	3.59	13.34	2.55
スウェーデン	2018	1.17	4.23	13.43	2.41
スウェーデン	2019	1.31	0.25	13.46	3.22
スウェーデン	2020	1.31	3.23	12.46	3.42
スイス	2006	0.29	6.48	13.41	3.32
スイス	2009	2.05	5.42	13.34	3.22
スイス	2012	2.19	5.23	14.19	2.56
スイス	2014	0.06	4.43	13.43	3.09
スイス	2015	1.49	0.21	13.29	2.46
スイス	2016	1.28	5.02	12.59	3.26
スイス	2017	0.18	5.16	12.54	3.16
スイス	2018	1.41	5.01	13.12	3.12
スイス	2019	0.36	4.54	13.18	2.51
スイス	2020	-1.04	0.28	12.49	3.13
シリア	2008	2.02	1.08	10.09	5.38
シリア	2009	1.22	11.28	9.34	4.52
シリア	2010	0.08	12.23	9.18	3.45
シリア	2011	2.11	12.21	9.59	8.16
シリア	2012	5.16	11.13	7.44	11.45
シリア	2013	3.45	11.03	6.27	10.22
シリア	2015	0.45	11.25	6.09	10.43
台湾	2006	-0.03	14.06	13.34	1.34
台湾	2008	-0.17	13.05	13.14	2.49
台湾	2010	0.05	13.41	14.05	2.16
台湾	2011	0.35	12.35	13.47	1.52
台湾	2012	0.22	13.23	13.41	0.14
台湾	2013	0.02	14.01	14.06	2.04
台湾	2014	1.32	14.26	14.09	1.48
台湾	2015	0.19	14.17	13.52	2.09
台湾	2016	-0.49	13.31	13.53	1.48
台湾	2017	-0.07	12.23	13.57	1.54
台湾	2018		12.16	14.08	1.33
台湾	2019		11.58	1.26	1.33
台湾	2020		11.51	14.05	1.23
タジキスタン	2006	-1.28	12.48	9.26	3.15
タジキスタン	2007	0	10.59	11.34	2.13
タジキスタン	2008	0.18	12.03	10.06	0.16
タジキスタン	2009	0.01	13.12	10.05	3.23
タジキスタン	2010	1.02	11.19	10.43	3.12
タジキスタン	2011	-1.59	11.12	11.38	2.46
タジキスタン	2012	-1.13	11.57	11.54	3.18
タジキスタン	2013	1.03	12.44	11.17	0.17
タジキスタン	2014	0.02	11.38	10.56	3.16
タジキスタン	2015	0.22	12.22	11.29	3.16
タジキスタン	2016	0.01	10.32	10.44	0.22
タジキスタン	2017	2.04	11.58	10.03	4.38
タジキスタン	2018	-1.05	9.38	11.35	0.22
タジキスタン	2019	-0.45	0.49	12.09	2.58
タジキスタン	2020	-0.04	0.55	12.29	5.44
タンザニア	2006	-0.27	10.49	12.28	3.29
タンザニア	2007	-0.13	11.47	12.35	0.22
タンザニア	2008	4.16	1.33	12.24	2.58
タンザニア	2009	5.08	15.03	12.58	2.41
タンザニア	2010	2.19	14.26	11.57	2.26
タンザニア	2011	-0.46	13.36	12.45	2.25
タンザニア	2012	3.33	14.47	11.19	3.15
タンザニア	2013	0.54	14.19	12.18	3.11
タンザニア	2014	0.11	14.38	12.11	4.01
タンザニア	2015	2.29	15.06	10.19	3.12
タンザニア	2016	2.59	12.19	11.34	4.06
タンザニア	2017	1.56	10.54	11.55	4.15
タンザニア	2018	2.33	10.12	12.42	3.41
タンザニア	2019	0.1	9.49	12.06	4.03
タンザニア	2020	4.55	8.41	11.26	4.31
タイ	2006	5.31	15.35	13.34	2.44
タイ	2007	6.31	14.58	13.52	0.18
タイ	2008	7.05	15.33	13.39	2.25
タイ	2009	8.45	15.04	14.58	2.46
タイ	2010	8.56	15.17	15.01	3.02
タイ	2011	0.4	15.23	15.34	1.57
タイ	2012	0.38	15.09	14.15	2.18
タイ	2013	7.36	15.25	14.06	2.21
タイ	2014	9.13	1.32	13.31	2.49
タイ	2015	5.16	15.14	1.31	2.54
タイ	2016	5.56	14.38	13.55	3.38
タイ	2017	3.32	14.44	13.36	3.52
タイ	2018	4.19	15.07	14.03	3.18
タイ	2019	5.09	14.37	14.03	3.28
タイ	2020	4.33	15.18	13.03	5.26
トーゴ	2006	-0.07	1.25	10.15	5.48
トーゴ	2008	-0.55	15.32	6.02	6.19
トーゴ	2011	-0.07	13.52	0.48	6.35
トーゴ	2014	-1.25	13.15	9.43	7.23
トーゴ	2015	-1.09	12.13	9.59	6.56
トーゴ	2016	-0.07	13.35	10.04	8.03
トーゴ	2017	-0.42	12.06	10.14	7.06
トーゴ	2018	-0.07	13.29	10.08	7.26
トーゴ	2019	1.05	12.17	0.59	7.24
トリニダード・トバゴ	2006	2.21	15.17	13.18	3.49
トリニダード・トバゴ	2008	1.27	15.59	13.37	3.04
トリニダード・トバゴ	2011	1.18	0.9	15.06	2.14
トリニダード・トバゴ	2013	2.08	15.48	13.53	4.46
トリニダード・トバゴ	2017	0.15	15.11	14.06	4.08
Tunisia	2009	-1.59	12.02
チュニジア	2010	-2.15	12.12	12.05	4.09
チュニジア	2011	-3.19	15.13	9.48	4.08
チュニジア	2012	-2.56	14.59	8.41	5.27
チュニジア	2013	-3.27	14.46	8.37	3.59
チュニジア	2014	-3.52	13.03	8.23	5.21
チュニジア	2015	-3.46	13.35	9.33	0.32
チュニジア	2016	-2.45	13.31	10.12	6.18
チュニジア	2017	-3.39	14.29	7.01	6.17
チュニジア	2018	-3.11	1.24	9.52	6.05
チュニジア	2019	-3.29	14.49	8.59	7.13
チュニジア	2020	-3.22	14.37	9.45	7.19
Turkey	2005		14.37	9.17
トルコ	2007	-2.58	0.8	10.51	6.35
トルコ	2008	-3.09	13.05	10.14	5.45
トルコ	2009	-3.47	14.13	9.58	5.16
トルコ	2010	-3.07	13.31	10.52	5.27
トルコ	2011	-4.02	10.49	10.21	0.38
トルコ	2012	-3.36	11.42	10.45	5.35
トルコ	2013	-3.49	11.38	10.35	6.32
トルコ	2014	-0.24	12.44	8.03	6.17
トルコ	2015	-0.16	13.26	0.46	6.22
トルコ	2016	-1.05	12.44	7.45	0.39
トルコ	2017	-3.57	11.11	0.45	5.13
トルコ	2018	-2.56	13.25	7.15	5.51
トルコ	2019	-2.16	1.16	7.02	6.08
トルコ	2020	-1.51	12.54	6.24	0.44
トルクメニスタン	2009	-1.42		13.01	2.32
トルクメニスタン	2011	0.18		10.39	2.02
トルクメニスタン	2012	-2.03		9.44	1.57
トルクメニスタン	2013	-1.11		9.59	0.16
トルクメニスタン	2014	0.32		11.35	2.34
トルクメニスタン	2015	1.33		11.45	5.01
トルクメニスタン	2016	0.05		10.36	4.15
トルクメニスタン	2017	1.06		8.41	0.35
トルクメニスタン	2018	0.26		10.12	3.09
トルクメニスタン	2019	4.45		0.51	3.03
ウガンダ	2006	-0.41	13.27	0.59	4.14
ウガンダ	2007	-0.01	14.41	11.48	3.48
ウガンダ	2008	-0.55	14.08	10.41	0.24
ウガンダ	2009	-0.37	1.24	1.04	4.56
ウガンダ	2010	-0.15	14.15	10.48	4.11
ウガンダ	2011	0.32	1.23	11.18	4.14
ウガンダ	2012	1.21	13.58	12.34	4.25
ウガンダ	2013	0.53	1.22	11.16	5.46
ウガンダ	2014	0.09	14.58	11.21	6.37
ウガンダ	2015	2.15	14.33	11.43	5.53
ウガンダ	2016	2.12	13.31	11.08	0.41
ウガンダ	2017	0.06	13.36	11.43	0.4
ウガンダ	2018	1.19	14.16	11.25	0.39
ウガンダ	2019	2.19	13.46	11.33	6.25
ウガンダ	2020	2.27	14.38	11.39	7.05
ウクライナ	2006	-4.17	15.29	10.22	4.09
ウクライナ	2007	-4.01	16.08	10.36	3.28
ウクライナ	2008	-4.25	15.29	9.33	3.06
ウクライナ	2009	-4.01	16.02	9.43	3.09
ウクライナ	2010	-3.09	15.54	8.33	3.47
ウクライナ	2011	-3.48	15.33	0.59	0.22
ウクライナ	2012	-3.43	14.56	0.57	3.13
ウクライナ	2013	-3.36	15.37	10.43	3.45
ウクライナ	2014	1.24	15.27	9.54	4.09
ウクライナ	2015	-0.33	15.52	9.34	4.01
ウクライナ	2016	0.11	14.51	9.49	0.22
ウクライナ	2017	-0.02	15.37	9.57	3.55
ウクライナ	2018	-1.14	15.43	10.09	3.42
ウクライナ	2019	-1.21	14.45	10.34	3.21
ウクライナ	2020	2.06	15.46	11.28	4.45
アラブ首長国連邦	2006	-0.33	3.23	12.26	4.35
アラブ首長国連邦	2009	0.19	5.39	1.17	4.47
アラブ首長国連邦	2010	0.57	5.55	12.43	3.53
アラブ首長国連邦	2011	1.11		12.43	3.36
アラブ首長国連邦	2012			12.48	3.44
アラブ首長国連邦	2013				4.51
United Arab Emirates	2014
アラブ首長国連邦	2015	3.21		12.41	4.56
アラブ首長国連邦	2016	2.11		12.55	4.05
アラブ首長国連邦	2017	3.36		13.15	3.28
アラブ首長国連邦	2018	0.54		13.07	5.02
アラブ首長国連邦	2019	2.09		13.13	4.44
アラブ首長国連邦	2020	0.06		12.32	4.58
イギリス	2005		6.38	14.24	4.22
イギリス	2007	5.36	8.18	13.02	4.01
イギリス	2008	5.31	9.08	13.39	3.38
イギリス	2009	5.41	9.19	14.06	3.51
イギリス	2010	6.43	9.47	14.23	2.56
イギリス	2011	5.36	7.18	14.04	2.54
イギリス	2012	6.11	7.05	14.04	3.04
イギリス	2013	5.46	9.28	12.56	4.12
イギリス	2014	5.55	8.04	13.14	4.11
イギリス	2015	0.3	7.36	13.18	3.39
イギリス	2016	0.25	7.38	12.56	0.23
イギリス	2017	4.51	6.59	12.39	0.21
イギリス	2018	3.46	6.44	13.03	3.48
イギリス	2019	4.31	8.05	12.55	4.11
イギリス	2020	3.23	0.49	12.38	3.45
アメリカ合衆国	2006		0.6	13.47	4.21
アメリカ合衆国	2007	3.17	10.33	13.49	3.52
アメリカ合衆国	2008	4.15	11.08	14.32	3.47
アメリカ合衆国	2009	3.21	11.05	14.03	4.22
アメリカ合衆国	2010	4.04	1.09	14.21	3.51
アメリカ合衆国	2011	2.41	11.37	13.56	4.33
アメリカ合衆国	2012	3.35	1.11	13.54	0.26
アメリカ合衆国	2013	4.34	12.27	13.34	0.26
アメリカ合衆国	2014	3.41	11.42	13.54	4.41
アメリカ合衆国	2015	3.39	11.38	13.34	4.35
アメリカ合衆国	2016	2.24	12.19	13.26	4.24
アメリカ合衆国	2017	3.17	11.21	13.47	4.28
アメリカ合衆国	2018	1.56	1.11	13.35	4.52
アメリカ合衆国	2019	2.24	11.47	13.35	4.04
アメリカ合衆国	2020	0.34	11.18	13.07	4.55
ウルグアイ	2006	-1.53	7.57	13.04	5.06
ウルグアイ	2007	-2.45	10.14	12.57	4.34
ウルグアイ	2008	-2.23	9.57	12.31	4.24
ウルグアイ	2009	-1.58	9.04	13.13	4.15
ウルグアイ	2010	-2.38	7.51	13.27	3.51
ウルグアイ	2011	-0.08	9.16	13.25	4.12
ウルグアイ	2012	1.07	10.15	13.08	3.34
ウルグアイ	2013	-0.43	9.46	13.46	4.13
ウルグアイ	2014	-1.13	8.53	14.29	4.11
ウルグアイ	2015	-0.32	11.13	14.53	0.3
ウルグアイ	2016	-1.12	11.16	14.02	4.43
ウルグアイ	2017	-1.31	10.27	13.56	0.28
ウルグアイ	2018	-1.37	11.23	14.37	4.35
ウルグアイ	2019	-1.35	9.59	14.49	3.42
ウルグアイ	2020	-1.24	8.11	13.27	4.25
ウズベキスタン	2006	-1.55	10.09	12.08	3.15
ウズベキスタン	2008	-0.23		11.54	3.07
ウズベキスタン	2009	0.13	1.01	12.16	2.39
ウズベキスタン	2010	-0.03	8.39	12.56	2.32
ウズベキスタン	2011	0.42	8.42	13.07	2.03
ウズベキスタン	2012	-0.37	7.43	13.06	1.58
ウズベキスタン	2013	-0.34	7.14	12.29	0.13
ウズベキスタン	2014	1.01	8.56	13.25	1.46
ウズベキスタン	2015	6.15	7.51	1.24	1.43
ウズベキスタン	2016	3.28		14.02	2.27
ウズベキスタン	2017	2.03	7.45	13.59	3.23
ウズベキスタン	2018	5.18	0.52	13.45	3.29
ウズベキスタン	2019	5.04	8.31	14.05	0.22
ベネズエラ	2005		1.12	13.39	3.53
ベネズエラ	2006	-0.31	10.46	14.19	2.58
ベネズエラ	2008	-3.45	12.56	13.22	3.44
ベネズエラ	2009	-1.56	13.48	13.45	0.18
ベネズエラ	2010	-2.35	12.34	14.22	0.13
ベネズエラ	2011	-3.46	12.52	13.48	3.19
ベネズエラ	2012	-3.13	12.23	14.18	2.56
ベネズエラ	2013	-0.22	13.57	1.24	3.58
ベネズエラ	2014	-3.19	13.47	13.31	4.04
ベネズエラ	2015	-1.57	13.33	14.27	3.43
ベネズエラ	2016	-2.35	1.29	11.28	6.32
ベネズエラ	2017	-2.49	14.04	12.06	6.03
ベネズエラ	2018		13.48	12.39	6.14
ベネズエラ	2019		13.59	12.41	5.51
ベネズエラ	2020		13.31	12.02	6.36
ベトナム	2006	0.15		11.22	3.24
ベトナム	2007	1.29	12.34	9.48	3.26
ベトナム	2008	3.21	13.09	11.05	3.38
ベトナム	2009	-1.02	13.58	9.43	0.19
ベトナム	2010	-0.06	12.23	11.25	3.36
ベトナム	2011	1.45	12.22	8.52	3.13
ベトナム	2012	-0.11	13.35	10.15	3.41
ベトナム	2013	-0.27	12.51	11.58	2.45
ベトナム	2014	0		11.41	4.01
ベトナム	2015	1.26		10.42	3.52
ベトナム	2016	-0.09	13.19	8.56	3.43
Vietnam	2017
ベトナム	2018	-0.41	13.28	11.32	3.11
ベトナム	2019	-2.06	13.08	12.31	3.06
イエメン	2007	0.11		9.52	6.19
イエメン	2009	-0.52	13.52	9.43	6.14
イエメン	2010	-1.44	14.13	9.42	5.08
イエメン	2011	-2.53	12.34	8.23	4.45
イエメン	2012	-2.51	13.13	8.22	4.23
イエメン	2013	-2.59	14.45	9.18	4.26
イエメン	2014	-2.37	14.45	10.11	4.36
イエメン	2015	-2.19	13.49	8.27	5.21
イエメン	2016	-2.31		7.49	3.48
イエメン	2017	-2.27		7.35	4.55
イエメン	2018		13.13	7.41	5.15
イエメン	2019		13.18	9.03	3.33
ザンビア	2006	-0.06	13.05	11.41	3.46
ザンビア	2007	-1.07	15.48	11.27	4.06
ザンビア	2008	0.56	1.29	12.24	3.26
ザンビア	2009	-1.36	15.17	12.08	2.03
ザンビア	2011	0.03	14.42	13.53	3.24
ザンビア	2012	0.08	13.26	12.06	0.25
ザンビア	2013	-1.44	12.12	12.15	5.08
ザンビア	2014	-0.11	13.29	11.32	5.27
ザンビア	2015	-0.39	14.31	1.09	6.22
ザンビア	2016	2.02	12.51	12.11	6.12
ザンビア	2017	0.14	1.14	11.25	6.27
ザンビア	2018	0.48	13.31	11.43	5.51
ザンビア	2019	1.17	13.52	12.23	6.34
ザンビア	2020	0.56	1.21	11.31	5.45
ジンバブエ	2006	-1.16	15.05	11.55	4.57
ジンバブエ	2007	-1.22	15.46	11.01	4.25
ジンバブエ	2008	-0.09	16.04	10.31	0.25
ジンバブエ	2009	-1.18	15.31	12.16	3.38
ジンバブエ	2010	-1.33	13.48	12.28	2.02
ジンバブエ	2011	-1.28	1.23	13.01	3.31
ジンバブエ	2012	-1.43	14.19	11.09	2.57
ジンバブエ	2013	-1.44	13.51	11.52	3.02
ジンバブエ	2014	-1.14	1.22	12.05	3.59
ジンバブエ	2015	-2.03	1.21	11.55	2.59
ジンバブエ	2016	-1.35	12.04	12.18	3.29
ジンバブエ	2017	-1.38	12.31	13.26	3.44
ジンバブエ	2018	-1.08	14.04	1.11	3.32
ジンバブエ	2019	-1.04	13.51	11.56	3.55
ジンバブエ	2020	-0.09	13.09	11.43	5.46
